word,count
chansons,7
et,1206
comptines,2
pour,295
toute,51
la,1183
famille,5
cchhaannssoonnss,3
eett,15
ccoommppttiinneess,1
ppoouurr,5
ttoouuttee,2
llaa,16
ffaammiillllee,3
on,409
ne,395
peut,68
s,311
imaginer,2
une,284
journée,5
sans,135
chanson,6
ou,78
du,318
moins,43
musique,2
chante,1
lorsqu,3
est,489
gai,1
heureux,11
même,75
a,161
de,1382
peine,36
il,935
existe,1
des,340
tous,134
nos,49
états,4
d,591
âme,11
quand,82
regarde,6
un,940
enfant,22
en,828
train,5
amuser,3
tout,238
seul,37
souvent,33
l,1144
entend,8
fredonner,1
air,23
chanter,7
petite,13
apprise,1
chez,65
lui,257
ailleurs,4
ce,370
réflexe,1
vient,52
presque,10
naturellement,1
les,804
adultes,1
suffit,6
parfois,3
entendre,11
que,623
à,835
coup,26
souvenirs,1
enfance,1
surgissent,2
dans,213
notre,86
mémoire,7
après,37
avoir,32
chanté,3
encore,52
récité,1
comptine,1
questions,1
réflexions,1
tête,54
livret,1
grand,58
maman,8
sa,259
fille,13
dialoguent,1
amusent,1
écoutant,1
elles,14
miment,1
dansent,1
surtout,11
pénètrent,1
magie,1
imagination,1
rêve,2
11,5
ssuurrlleeppoonnttdd,1
aavviiggnnoonn,2
sur,202
le,1408
pont,4
avignon,4
y,141
danse,7
rond,2
messieurs,20
font,38
comme,123
ci,39
madames,1
ça,13
22,5
lleessppeettiitteessmmaarriioonnnneetttteess,1
ainsi,52
petites,6
marionnettes,10
trois,40
petits,35
tours,10
puis,62
vont,11
poings,2
aux,139
côtés,12
sautez,2
taille,7
cambrée,2
dansez,3
front,6
penché,2
saluez,2
33,4
bbeelllleerroossiinnee,1
bonjour,2
belle,30
rosine,1
comment,21
vous,376
portez,2
me,131
faites,11
mine,8
dites,11
moi,118
qu,535
avez,15
c,185
j,147
ai,80
mal,52
matin,27
qui,388
cause,28
bien,209
chagrin,6
mon,120
coude,3
genou,2
ma,105
cheville,2
44,4
lleessggrreennoouuiilllleess,1
saute,7
grenouille,18
nage,8
tu,98
n,326
as,11
pas,250
peur,25
eau,23
salut,9
monsieur,17
longues,2
jambes,5
madame,8
tes,16
yeux,30
sont,99
gros,18
ta,18
bouche,9
grande,8
si,177
veux,25
être,84
faut,67
manger,14
mouches,6
vas,3
au,297
fond,19
suite,3
cette,124
élise,1
se,346
met,17
rire,6
ggrraanndd,24
mmaammaann,31
qquu,5
eesstt,14
cceeqquuiitteeffaaiittrriirree,1
éélliissee,22
ddeess,8
ggrreennoouuiilllleess,2
cc,5
rriiggoolloo,1
uunnee,7
ffooiiss,3
jj,14
eenn,2
aaii,5
vvuu,1
uunneeeettqquuaannddjjeemmeessuuiissaapppprroocchhééeedd,1
eelllleeeelllleeaassaauuttéé,1
ccee,1
iill,6
yy,3
aa,3
uunn,12
aanniimmaall,1
qquuee,5
ttuu,5
aaiimmeerraaiiss,2
aavvooiirrpplluussqquu,1
uunnaauuttrree,1
hhuumm,1
bbeeaauuccoouupp,2
aavvooiirr,1
éélléépphhaanntt,2
mmaaiiss,3
ddiitt,1
ttrroopp,1
ggrrooss,1
ppuuiiss,1
jjee,8
nnee,1
ppoouurrrraaiissppaassll,1
aammeenneerrddaannssmmaacchhaammbbrree,1
uunnéélléépphhaannttcc,1
eesstteennccoommbbrraanntt,1
oouuiimmaaiissuunneeffoouurrmmiicc,1
eessttttrrooppppeettiitt,1
aalloorrssqquueeddiirraaiiss,1
ttuudd,1
uunneessoouurriiss,1
nnoonn,2
uunneeppeettiitteevvaacchhee,1
nnoonncc,2
eessttbbiieennttrrooppggrrooss,1
aatttteennddss,1
uunneeppoouullee,1
eessttssaauuvvaaggee,1
uunncchhiieenn,1
uunncchhaatt,1
uunncchhaattffrriippoonn,1
oouuii,5
ppeettiitt,6
cchhaatt,2
aaddoorree,1
lleess,15
ppeettiittss,5
cchhaattoonnss,1
cceeqquueejj,1
aaiimmeelleepplluusscc,1
eessttuunnéélléépphhaanntt,1
55,4
ssuurruunneettooiilleedd,1
aarraaiiggnnééee,2
éléphant,13
balançait,1
toile,4
araignée,6
trouva,18
jeu,6
amusant,1
alla,18
chercher,21
autre,150
deux,117
éléphants,7
balançaient,1
trouvèrent,3
intéressant,1
ils,104
allèrent,3
66,4
uunneessoouurriissvveerrttee,1
10,6
moutons,17
9,5
moineaux,2
8,6
marmottes,1
7,5
lapins,2
6,4
canards,2
5,5
fourmis,1
4,6
chats,6
3,6
poussins,1
2,6
belettes,6
1,5
souris,19
verte,5
77,4
uunneeppoouulleessuurruunnmmuurr,1
poule,8
mur,3
picote,1
pain,7
dur,3
picoti,1
picota,1
lève,5
patte,12
va,45
88,4
eessttllaammèèrreemmiicchheell,1
mère,33
michel,6
perdu,25
son,385
chat,39
crie,3
par,203
fenêtre,3
rendra,1
père,29
lustucru,3
répondu,2
allez,10
vot,1
refrain,6
tra,5
ri,1
ra,1
demandé,1
donc,56
trouvé,3
donnez,4
récompense,2
sera,14
rendu,5
dit,312
décidé,1
rendez,3
aurez,6
baiser,3
mais,161
voulu,5
lapin,14
votre,61
vendu,1
99,5
iillééttaaiittuunneebbeerrggèèrree,1
était,147
bergère,11
ron,13
petit,42
patapon,6
gardait,4
ses,167
ronron,6
elle,161
fit,71
fromage,8
lait,11
fripon,2
mets,15
auras,6
bâton,10
mit,33
menton,5
colère,11
donna,11
ccrrooiiss,1
bbiieenn,3
llee,12
ss,1
ssaauuvvéé,1
ddaannss,7
bbooiiss,2
vviieennss,2
nnoouuss,2
aalllloonnss,1
eessssaayyeerr,1
ddee,17
rreettrroouuvveerr,1
pprreennddssttaabbiiccyycclleetttteeeettoonnyyvvaa,1
1100,2
vviioolleettttee,2
quatre,22
cinq,7
six,8
sept,3
violette,4
bicyclette,1
nnoouussiirroonnssaauubbooiiss,1
nous,190
irons,2
bois,24
cueillir,2
cerises,1
panier,2
neuf,2
12,3
seront,7
toutes,31
rouges,1
oohh,4
vvooiiss,2
aass,2
mmaannggéé,1
cceerriisseess,1
bboouucchhee,1
rroouuggee,1
vviieennssoonnvvaaaalllleerrccuueeiilllliirrddeessppoommmmeess,1
mmiicchhaauudd,3
michaud,6
monté,2
pommier,2
branche,3
cassé,1
crac,1
tombé,2
boum,1
où,60
su,4
dos,7
ah,17
relève,5
oouuiillllee,1
ççaa,3
ffaaiitt,1
mmaall,1
qquuaanndd,6
oonn,6
ttoommbbee,1
nn,1
mmêêmmee,3
ppaass,2
pplleeuurréé,1
rreeggaarrddee,1
ppaappiilllloonn,1
pplleeiinn,2
ddeeccoouulleeuurrss,1
ttaappeettaappee,1
tape,2
mains,12
roule,4
joli,5
moulin,13
poisson,8
vole,4
papillon,2
ont,47
tapé,1
jolis,3
moulins,1
tourné,2
nagé,1
envolé,1
ppoommmmeeddeerreeiinneetttteeeettppoommmmeedd,1
aappii,2
pomme,5
reinette,2
api,2
tapis,4
rouge,1
gris,1
cceeqquueettooiiaauussssiittaammaammaanntteecchhaannttaaiittddeess,1
cchhaannssoonnsseetttteerraaccoonnttaaiittddeesshhiissttooiirreess,1
oouuiieettddaannsslleesshhiissttooiirreessççaappaarrllaaiittddee,1
pprriinncceessddeepprriinncceesssseessddeecchheevvaalliieerrssddeeddrraaggoonnss,1
cceeqquueeççaappaarrllaaiittaauussssiiddeecchhââtteeaauuxx,1
oouuiiççaappaarrllaaiittaauussssiiddeecchhââtteeaauuxx,1
1111,2
lleerrooiiddaaggoobbeerrtt,1
bon,55
roi,54
dagobert,6
mis,20
culotte,2
envers,11
saint,9
éloi,6
ô,28
majesté,10
culottée,1
vrai,20
je,400
vais,9
remettre,1
endroit,12
mettre,24
bel,5
habit,4
vert,2
paré,3
percé,2
tien,2
prête,8
chassait,2
plaine,2
anvers,1
essoufflée,1
courait,7
avait,92
sabre,2
fer,6
pourrait,10
blesser,2
donne,22
battait,3
tort,14
travers,5
fera,9
tuer,3
toi,32
vite,17
devant,24
mourut,3
diable,5
aussitôt,37
accourut,7
satan,2
passer,17
confesser,1
hélas,11
pourrais,2
mourir,13
1122,2
lleeppeettiittpprriinnccee,1
lundi,1
femme,34
p,7
tit,6
prince,18
venus,4
serrer,1
pince,1
étais,4
là,85
puisque,6
reviendrons,1
mardi,2
mercredi,1
jeudi,1
vendredi,1
samedi,1
dimanche,1
1133,2
aaiiuunnbbeeaauucchhââtteeaauu,1
beau,51
château,3
tantirelirelire,7
tantirelirelo,7
nôtre,8
plus,244
détruirons,2
ferez,4
prenant,2
pierre,8
quelle,18
prendrez,2
celle,22
voici,24
1144,2
aaiippeerrdduulleeddooddeemmaaccllaarriinneettttee,1
do,11
clarinette,7
bis,58
papa,4
savait,7
camarade,10
tralala,1
ré,6
mi,6
fa,4
sol,3
jjeeppeeuuxxtteeppoosseerruunneeqquueessttiioonn,1
aaiimmeess,1
ttuulleessbbaatteeaauuxx,1
pprreennddss,1
mmoonn,3
bbaaiinn,1
mm,1
aammuussee,1
aavveeccmmoonn,1
bbaatteeaauueett,1
jjeell,1
aappppoorrtteeaauussssii,1
ààllaappllaaggee,1
jjoouurr,1
sseerraaii,1
ccaappiittaaiinnee,1
ttaannttee,1
oonnccllee,1
qquuii,3
ssoonnttttoouusslleessddeeuuxxddeessccaappiittaaiinneess,1
cceeqquueettuuaaiimmeesslleessppooiissssoonnss,1
rreeqquuiinnss,1
aaiimmee,3
bbaalleeiinneess,1
hhoommaarrddss,1
vvaaiiss,1
aauu,4
qquuaaii,1
ppêêcchheeuurrss,4
rraappppoorrtteenntt,1
ppooiissssoonnss,1
ééttéé,1
ddjjiigguueerr,1
llaammoorruueessuurruunnggrroossggrroossggrroossbbaatteeaauu,1
1155,2
iillééttaaiittuunnppeettiittnnaavviirree,1
navire,4
ja,2
jamais,43
navigué,1
ohé,20
entreprit,2
long,19
voyage,12
mer,10
mé,2
méditerranée,1
bout,33
semaines,2
vivres,1
vin,6
vinrent,3
manquer,4
tira,2
courte,2
paille,1
savoir,10
serait,17
mangé,2
sort,38
tomba,4
jeune,20
fait,188
ciel,22
prière,4
interrogeant,1
geant,2
immensité,1
sainte,1
vierge,1
patronne,1
cria,7
pau,2
pauvre,36
infortuné,1
instant,9
miracle,4
fut,109
réalisé,1
tits,1
poissons,3
sautèrent,1
plusieurs,9
milliers,1
prit,19
frire,2
mou,2
mousse,2
sauvé,4
1166,2
mmaammaannlleessppeettiittssbbaatteeaauuxx,1
bateaux,1
oui,7
bêta,1
avaient,15
marcheraient,1
1177,2
ppaarrttoonnssllaammeerreessttbbeellllee,1
partons,2
embarquons,1
pêcheurs,1
guidons,1
nacelle,2
ramons,1
avec,91
ardeur,2
mâts,1
hissons,1
voiles,2
pur,3
vois,20
briller,1
étoile,1
guide,3
matelots,2
pêche,1
bonne,30
amis,21
bruit,19
lune,11
rayonne,1
éclairera,1
nuit,16
avant,16
aurore,5
soyons,3
retour,6
soit,29
jour,61
1188,2
hhiissttooiirreeddeessooiisseeaauuxxeettddeessppêêcchheeuurrss,1
vvooiitt,1
bbaatteeaauuxx,2
llaarrggee,1
ppoouurrqquuooii,1
ttoouujjoouurrssddeessooiisseeaauuxxqquuiivvoolleennttttoouuttaauuttoouurr,1
ppaarrcceeqquueelleess,1
cceessoonntt,1
ddeessggeennss,1
rraaccoonntteenntt,1
éénnoorrmméémmeenntt,1
dd,4
hhiissttooiirreess,2
ooiisseeaauuxx,2
ssoonnttttrrèèssccuurriieeuuxxaalloorrssddèèssqquu,1
iillssaapppprreennnneennttààvvoolleerriillss,1
vvoolleenntt,1
vveerrss,1
aalllleerr,1
ééccoouutteerr,1
lleeuurrss,1
1199,2
ààllaavvoolleettttee,1
près,25
fontaine,13
oiseau,26
chantait,8
volette,7
couru,2
m,86
pleurer,4
rebelles,1
voulaient,6
quitter,8
bête,26
leur,147
disait,37
restez,2
temps,79
devient,4
sombre,1
serez,10
mouillés,2
oiseleur,5
guette,1
happés,2
partirent,1
savaient,6
voler,4
2200,2
aalloouueettttee,2
alouette,15
gentille,1
te,51
plumerai,3
bec,12
cou,11
répète,1
toujours,59
autres,34
parties,4
corps,32
nommées,1
couplets,1
précédents,1
ajouter,3
importe,8
partie,7
2211,2
uunnéélléépphhaannttççaattrroommppee,1
trompe,12
énormément,3
2222,2
mmoonnmmeerrllee,1
merle,10
becs,2
marlot,1
pattes,3
ailes,5
queue,24
rajouter,1
ssaaiiss,1
ttoouuss,2
eennffaannttss,2
dduu,2
mmoonnddee,1
aaddoorreenntt,1
cchhaanntteerr,3
pprreemmiièèrreess,1
iillss,3
oonntt,1
eenntteenndduueess,1
ééttaaiieenntt,2
vveennttrree,5
lleeuurr,5
mmèèrree,3
eehh,2
mmaammaannss,1
cchhaannttaaiieenntt,1
ppaarrccee,1
eelllleess,1
hheeuurreeuusseess,1
ppaarrffooiiss,2
aavvaaiitt,1
ddeeuuxx,1
ttrrooiiss,1
ccaacchhééss,1
cceess,2
bbéébbééss,1
llàà,2
ééccoouuttaaiieenntt,1
ssiittôôtt,1
ssoorrttiiss,1
ddiirree,1
àà,5
qquueell,1
ppooiinntt,1
eellllee,1
ééttaaiitt,3
ccoonntteennttee,1
oouu,1
eennccoorree,1
eennddoorrmmiirr,1
ccoonnttiinnuuaaiitt,1
aaiimmaaiieennttbbeeaauuccoouuppbbeeaauuccoouuppbbeeaauuccoouuppççaa,1
ddrrôôllee,1
aavveecc,1
mmeess,2
aammiiss,2
cchhaannttee,1
23,3
ventre,4
bébé,2
dort,2
tranquillement,1
bouge,3
vivant,8
coups,14
suce,1
pouce,1
attendant,6
assez,35
sortir,15
aaiimmeeppaappaajj,1
aaiimmeemmaammaann,1
aime,11
chien,33
frère,10
llaabbaarrbbiicchheettttee,1
tiens,12
barbichette,2
premier,21
rira,1
aura,6
tapette,1
mmeennttoonnffoouurrcchhuu,1
fourchu,1
argent,26
nez,12
cancan,1
joue,3
rôtie,1
bouillie,1
oeil,4
sourcillon,1
sourcillette,1
cogne,2
caboche,1
aavveecctteessddooiiggttssmmoonnttrree,1
mmooiiccoommbbiieennttuu,1
aassdd,1
ccoommmmeeççaa,1
cciinnqqccoommmmeelleesscciinnqqddooiiggttssddeellaammaaiinn,1
oouuiieettqquuaannddjjeevvaaiissààuunneeffêêtteeiillyyeennaaeennccoorree,1
pplluuss,1
cceeqquueevvoouussffaaiitteessqquuaannddvvoouuss,1
aalllleezzààuunneeffêêttee,1
oonnffaaiittddeessjjeeuuxxoonnmmaannggeeddeessggââtteeaauuxxoonnddaannssee,1
vvoouussddaannsseezz,1
oouuiioonnbboouuggeeoonnss,1
eexxcciitteeoonnrriittoonnaattoouujjoouurrssdduu,1
ppllaaiissiirr,1
2244,2
ddaannssoonnssllaaccaappuucciinnee,1
dansons,3
capucine,3
voisine,8
tiou,3
plaisir,21
pleure,2
rit,7
2255,2
ddaannssllaaffeerrmmeeààmmaatthhuurriinn,1
ferme,11
mathurin,8
hi,16
aïe,16
ho,8
centaines,3
chiens,21
wouf,7
chacun,51
coin,13
bê,7
centaine,1
vache,4
meu,7
2266,2
mmaappeettiitteevvaacchhee,1
tirons,1
ira,1
mieux,43
2277,2
iillpplleeuuttbbeerrggèèrree,1
pleut,4
rentre,2
blancs,2
allons,7
sous,28
chaumière,1
entends,5
feuillage,2
tombe,10
venir,16
orage,5
éclair,1
luit,2
tonnerre,3
approchant,4
prends,5
abri,3
droite,1
marchant,1
cabane,2
sœur,15
anne,2
étable,4
ouvrir,3
bonsoir,3
amène,5
soir,11
sécher,1
mie,2
auprès,3
tisons,1
fais,21
compagnie,7
entrez,2
soignons,1
o,1
tant,76
troupeau,9
litière,3
agneau,6
eh,24
voilà,42
corset,1
voyez,16
couche,6
dors,3
jusqu,21
laisse,19
mot,16
amour,19
rougis,1
demain,9
ton,49
demander,3
main,12
2288,2
llaassoouurriissvveerrttee,1
herbe,15
attrape,3
montre,8
ces,137
disent,6
trempez,2
huile,1
escargot,1
chaud,6
tiroir,1
trop,57
noir,5
chapeau,2
mes,53
grandes,4
poches,2
moches,1
chemise,1
bises,1
crottes,1
2299,2
ssaavveezz,2
vvoouussppllaanntteerrddeesscchhoouuxx,1
savez,7
planter,4
choux,3
mode,8
plante,4
doigts,2
coudes,1
pieds,28
amusez,2
essayer,1
faisant,13
geste,1
encouragez,1
faire,95
ééttaaiiss,1
ppeettiittee,2
ccoommmmee,1
aallllaaiitt,1
ssoouuvveenntt,1
jjaarrddiinn,1
ggrraannddss,1
ppaarreennttss,1
mmaannggeerr,1
ccaarrootttteess,1
rreevveennaaiitt,1
mmaa,3
cchhaannttaaiitt,1
ttoouujjoouurrssllaammêêmmeecchhaannssoonn,1
3300,2
mmeeuunniieerrttuuddoorrss,1
meunier,13
fort,70
cceeqquueettuutt,1
eessbbiieennaammuussééee,1
oohhoouuii,1
pprréésseenntt,1
vvaa,1
ssee,1
rreeppoosseerr,1
ppeeuu,1
3311,2
aauuccllaaiirrddeellaalluunnee,1
clair,6
ami,34
pierrot,4
plume,2
écrire,3
chandelle,1
morte,1
feu,4
ouvre,3
porte,25
dieu,29
répondit,7
suis,36
lit,11
crois,20
car,52
cuisine,5
bat,4
briquet,1
rendort,1
cœur,12
blanc,3
croissant,2
3322,2
llaappoouulleetttteeggrriissee,1
poulette,10
grise,3
pondu,3
église,1
coco,1
dodo,5
di,1
che,1
blanche,4
noire,4
armoire,2
couverte,3
brune,1
orange,1
grange,1
toilette,1
beige,1
neige,3
bleue,1
cheveux,4
rose,1
roses,1
remplacez,1
nom,14
3333,2
ffaaiissddooddooccoollaassmmoonnppeettiittffrrèèrree,1
colas,2
lolo,2
haut,26
gâteau,2
bas,17
chocolat,1
oubliez,1
pouvez,7
aussi,49
composer,1
vos,30
propres,3
partir,12
activité,1
exemple,13
jacques,1
suivantes,1
biscuit,2
avoine,2
dormir,5
rêves,1
pipi,1
changeons,2
propre,9
ssuurr,3
ppoonntt,1
ppeettiitteess,1
mmaarriioonnnneetttteess,1
bbeellllee,2
rroossiinnee,1
ttooiillee,1
ssoouurriiss,2
vveerrttee,2
ppoouullee,1
mmuurr,1
mmiicchheell,1
bbeerrggèèrree,2
iirroonnss,1
ttaappee,2
ppoommmmee,2
rreeiinneettttee,1
rrooii,1
ddaaggoobbeerrtt,1
pprriinnccee,1
bbeeaauu,1
cchhââtteeaauu,1
ppeerrdduu,1
ddoo,1
ccllaarriinneettttee,1
nnaavviirree,1
ppaarrttoonnss,1
mmeerr,1
hhiissttooiirree,1
vvoolleettttee,1
ttrroommppee,1
mmeerrllee,1
2233,1
ssaa,1
ppaappaa,1
bbaarrbbiicchheettttee,1
mmeennttoonn,1
ffoouurrcchhuu,1
ddaannssoonnss,1
ccaappuucciinnee,1
ffeerrmmee,1
mmaatthhuurriinn,1
vvaacchhee,1
pplleeuutt,1
vvoouuss,1
ppllaanntteerr,1
cchhoouuxx,1
mmeeuunniieerr,1
ddoorrss,1
ccllaaiirr,1
lluunnee,1
ppoouulleettttee,1
ggrriissee,1
ffaaiiss,1
ddooddoo,1
ccoollaass,1
ffrrèèrree,1
commanditaire,1
partenaire,1
privilégié,1
coalition,1
francophone,1
nouveau,23
brunswick,3
goût,10
lire,7
commanditaires,1
financiers,1
gouvernement,4
communautés,1
écoute,4
enfants,29
péninsule,1
acadienne,1
services,1
parle,9
collaborations,1
spéciales,1
carole,1
asselin,1
orthophoniste,1
école,3
polyvalente,1
w,1
losier,1
parents,9
tteexxtteess,1
cchhrriissttiiaannee,1
sstt,1
ppiieerrrree,1
ccoonncceeppttiioonn,1
ggrraapphhiiqquuee,1
iilllluussttrraattiioonnss,1
ppaaggee,1
ccoouuvveerrttuurree,1
eennddooss,1
cchhrriissttiiaann,1
ppaauulliinn,1
22000066,1
ffeessttiivvaall,2
ppéénniinnssuullee,2
aaccaaddiieennnnee,2
iinncc,2
pprroodduuccttiioonn,1
ddrrooiittss,1
rreepprroodduuccttiioonn,1
rréésseerrvvééss,1
fables,17
jean,19
beq,2
livres,4
bibliothèque,6
électronique,6
québec,8
collection,4
vents,10
volume,3
503,2
version,2
20,3
outre,7
contes,7
constituent,2
gloire,13
essayé,2
genres,2
nombre,8
243,2
restent,2
chef,8
œuvre,3
certains,10
considèrent,2
copieur,2
rien,91
inventé,6
inspiré,2
anciennes,2
écrites,4
esope,1
horace,4
abstémius,2
phèdre,5
culture,4
grecque,2
panchatantra,2
pilpay,2
indienne,2
considérablement,2
améliorées,2
langue,9
simple,6
fable,19
sèche,2
démonstration,2
morale,4
court,18
récit,11
intrigue,2
rapide,2
vive,6
souplesse,4
naturel,6
style,4
réalité,2
fruit,4
travail,7
poète,5
manifesté,2
parfaite,3
maîtrise,2
vers,23
wikipedia,2
édition,2
référence,2
numérisation,2
adl,2
agence,2
livre,25
montréal,2
cigale,3
fourmi,12
ayant,33
été,10
dépourvue,2
bise,2
venue,4
morceau,8
mouche,14
vermisseau,1
crier,11
famine,2
priant,2
prêter,3
quelque,80
grain,6
subsister,2
saison,7
nouvelle,11
paierai,1
août,2
foi,18
animal,40
intérêt,3
principal,4
prêteuse,1
moindre,11
défaut,6
faisiez,1
emprunteuse,1
venant,4
chantais,1
déplaise,1
chantiez,1
aise,6
maintenant,3
corbeau,14
renard,46
maître,55
arbre,8
perché,1
tenait,7
odeur,7
alléché,1
tint,6
peu,68
langage,7
hé,1
êtes,16
semblez,1
mentir,3
ramage,3
rapporte,2
plumage,5
phénix,1
hôtes,8
mots,24
sent,8
joie,12
montrer,6
voix,24
large,5
tomber,11
proie,13
saisit,4
apprenez,1
flatteur,3
vit,34
dépens,3
celui,47
leçon,5
vaut,10
doute,8
honteux,3
confus,2
jura,4
tard,7
prendrait,2
veut,26
grosse,6
boeuf,2
bœuf,8
sembla,3
œuf,6
envieuse,1
étend,3
enfle,2
travaille,4
égaler,1
grosseur,3
disant,9
regardez,2
point,126
nenni,1
approchez,4
chétive,3
pécore,1
enfla,1
creva,1
monde,28
plein,22
gens,105
sages,3
bourgeois,6
bâtir,3
grands,15
seigneurs,7
ambassadeurs,2
marquis,1
pages,1
mulets,2
cheminaient,1
chargé,11
portant,7
gabelle,1
glorieux,2
charge,9
eût,39
beaucoup,26
soulagé,2
marchait,5
relevé,1
faisait,23
sonner,2
sonnette,1
ennemi,9
présentant,1
voulait,13
mulet,7
fisc,1
troupe,6
jette,4
frein,2
arrête,4
défendant,1
gémit,3
soupire,4
promis,5
suit,9
danger,10
retire,5
péris,2
emploi,6
avais,6
servi,4
serais,4
malade,10
loup,65
os,5
peau,18
faisaient,5
garde,5
rencontre,11
dogue,2
puissant,6
gras,10
poli,1
fourvoyé,1
mégarde,1
attaquer,2
quartiers,1
sire,18
volontiers,5
fallait,10
livrer,2
bataille,5
mâtin,3
défendre,6
hardiment,2
aborde,1
humblement,1
entre,40
propos,10
compliment,3
embonpoint,2
admire,1
tiendra,1
répartit,1
quittez,3
pareils,8
misérables,3
cancres,1
hères,1
pauvres,8
diables,1
dont,45
condition,4
faim,9
quoi,43
assuré,3
franche,1
lippée,1
pointe,2
épée,2
suivez,6
meilleur,8
destin,12
reprit,20
faudra,5
t,64
donner,12
chasse,7
bâtons,5
mendiants,1
flatter,1
ceux,31
logis,20
complaire,1
moyennant,3
salaire,8
force,17
reliefs,2
façons,2
poulets,4
pigeons,3
parler,6
mainte,12
caresse,3
déjà,13
forge,1
félicité,2
tendresse,2
chemin,16
pelé,2
chose,47
collier,2
attaché,4
courez,2
voulez,8
repas,9
aucune,4
sorte,19
voudrais,7
prix,14
trésor,15
cela,39
enfuit,6
génisse,5
chèvre,10
brebis,13
société,3
lion,68
fier,4
seigneur,16
voisinage,5
firent,14
jadis,8
mirent,3
commun,11
gain,4
dommage,2
lacs,6
cerf,22
pris,31
associés,2
envoie,4
eux,45
ongles,2
compta,1
sommes,12
partager,2
autant,18
parts,5
dépeça,1
première,6
qualité,4
doit,11
raison,32
appelle,6
dire,45
seconde,4
droit,20
échoir,1
vaillant,3
prétends,3
troisième,10
quelqu,20
touche,2
quatrième,2
étranglerai,1
abord,21
besace,1
jupiter,31
respire,3
vienne,6
comparaître,2
grandeur,6
composé,1
trouve,19
redire,1
déclarer,1
mettrai,1
remède,4
venez,7
singe,16
parlez,4
animaux,26
comparaison,1
leurs,50
beautés,3
vôtres,2
satisfait,1
pourquoi,11
non,50
portrait,2
ici,28
reproché,1
ours,30
ébauché,1
croire,7
peindre,4
dessus,19
crut,17
allait,20
plaindre,8
forme,4
loua,3
très,14
glosa,1
ôter,3
oreilles,12
masse,2
informe,1
beauté,6
étant,42
écouté,1
13,3
sage,30
choses,6
pareilles,6
jugea,3
appétit,7
dame,10
baleine,1
ciron,1
croyant,3
colosse,2
jupin,4
renvoya,2
censurés,1
reste,9
contents,2
parmi,14
fous,8
espèce,8
excella,1
lynx,1
taupes,1
pardonnons,1
hommes,19
voit,28
œil,9
prochain,1
fabricateur,1
souverain,1
créa,2
besaciers,1
manière,11
passé,12
aujourd,11
hui,11
défauts,3
poche,1
derrière,1
autrui,8
14,2
hirondelle,9
oiseaux,7
voyages,2
appris,2
quiconque,4
vu,15
retenu,2
prévoyait,1
moindres,5
orages,2
fussent,2
éclos,1
annonçait,1
arriva,7
chanvre,2
sème,1
manant,7
couvrir,1
maints,4
sillons,2
ceci,22
plaît,12
oisillons,4
plains,6
péril,2
extrême,12
saurai,3
éloigner,1
vivre,12
airs,6
chemine,3
viendra,5
loin,25
répand,2
ruine,3
naîtront,1
engins,1
envelopper,1
lacets,1
attraper,5
enfin,44
machine,8
causera,2
mort,56
prison,1
15,3
gare,1
cage,2
chaudron,1
mangez,1
croyez,8
moquèrent,1
trouvaient,1
champs,9
chènevière,1
arrachez,1
brin,4
produit,3
mauvais,10
soyez,9
sûrs,2
perte,6
prophète,3
malheur,6
babillarde,1
donnes,1
faudrait,4
mille,17
personnes,6
éplucher,1
canton,3
crue,2
ajouta,3
mauvaise,4
graine,1
tôt,6
dès,20
verrez,2
terre,23
blés,6
occupés,2
feront,3
guerre,22
16,2
reginglettes,1
réseaux,1
attraperont,1
volez,1
place,11
demeurez,3
changez,1
climat,3
imitez,2
canard,1
grue,2
bécasse,1
état,11
déserts,2
ondes,4
ni,55
aller,17
mondes,3
parti,4
sûr,7
enfermer,1
trous,5
las,3
jaser,1
confusément,1
troyens,3
cassandre,1
ouvrait,1
seulement,8
uns,2
maint,12
oisillon,1
esclave,3
écoutons,1
instincts,1
nôtres,4
croyons,1
venu,4
17,2
rat,47
ville,13
autrefois,11
villes,2
invita,3
façon,11
civile,1
ortolans,1
turquie,1
couvert,6
penser,6
vie,43
régal,2
honnête,4
manquait,1
festin,6
troubla,1
fête,6
pendant,12
étaient,28
salle,1
entendirent,1
détale,2
18,2
cesse,9
rats,16
campagne,9
citadin,1
achevons,1
rôt,2
rustique,2
viendrez,3
pique,11
festins,2
interrompre,2
mange,4
loisir,2
adieu,21
fi,1
crainte,7
corrompre,1
19,2
meilleure,3
heure,16
désaltérait,1
courant,3
onde,8
pure,2
survient,5
jeun,2
cherchait,5
aventure,19
lieux,19
attirait,1
rend,10
hardi,3
troubler,2
breuvage,2
cet,57
rage,5
seras,1
châtié,1
témérité,1
répond,2
mette,2
plutôt,12
considère,1
désaltérant,1
vingt,7
dessous,4
conséquent,1
boisson,1
troubles,1
cruelle,5
sais,23
médis,1
an,10
aurais,7
né,1
tette,1
épargnez,1
guère,7
bergers,4
venge,1
forêts,8
emporte,8
procès,4
21,2
homme,86
image,12
duc,1
rochefoucauld,1
aimait,5
rivaux,2
passait,4
esprit,22
accusait,1
miroirs,8
faux,5
content,10
erreur,13
profonde,3
afin,12
guérir,3
officieux,1
présentait,1
partout,15
conseillers,2
muets,2
servent,3
dames,2
marchands,4
galants,1
ceintures,1
femmes,9
narcisse,1
confiner,1
cachés,1
osant,3
éprouver,2
canal,3
formé,1
source,2
écartés,1
fâche,1
irrités,1
pensent,4
apercevoir,1
chimère,1
vaine,3
éviter,4
quitte,3
entretenir,1
amoureux,4
sottises,4
peintres,1
légitimes,1
quant,16
sait,22
maximes,2
dragon,6
têtes,5
queues,1
envoyé,3
préférait,1
histoire,12
empereur,5
forces,3
celles,6
empire,8
allemand,1
dépendants,1
puissants,1
soudoyer,1
armée,3
chiaoux,1
sens,19
renommée,7
chaque,19
électeur,1
fournir,5
souvenir,3
étrange,5
pourtant,11
vraie,4
lieu,29
lorsque,7
vis,2
cent,33
hydre,3
haie,2
sang,9
commence,3
glacer,1
effraie,1
eus,2
toutefois,5
24,2
put,15
trouver,11
ouverture,2
rêvais,1
présente,5
saisi,1
derechef,3
étonnement,2
épouvante,2
passe,14
empêcha,1
soutiens,1
25,2
voleurs,11
âne,64
enlevé,2
battaient,1
garder,4
vendre,7
tandis,5
poing,2
trottaient,1
champions,1
songeaient,1
arrive,9
larron,5
aliboron,1
quelquefois,13
province,6
tel,20
transylvain,1
turc,2
hongrois,1
rencontré,1
marchandise,1
nul,10
conquise,1
quart,5
voleur,2
accorde,3
net,4
saisissant,1
baudet,13
26,2
simonide,4
préservé,2
dieux,42
louer,2
sortes,6
maîtresse,4
malherbe,3
souscris,1
bonnes,3
louange,3
chatouille,1
gagne,4
esprits,13
voyons,6
payée,1
entrepris,1
éloge,3
athlète,4
essayée,2
sujet,16
récits,3
nus,2
inconnus,2
mérite,8
matière,4
infertile,1
parla,4
héros,6
pouvait,10
côté,5
castor,2
pollux,2
manque,4
lutteurs,1
élève,2
combats,5
spécifiant,1
frères,9
signalés,1
davantage,12
27,2
tiers,3
ouvrage,15
payer,3
talent,5
galant,11
franchement,1
acquittassent,1
contenter,8
couple,5
céleste,2
traiter,2
cependant,25
souper,4
ferons,3
conviés,2
choisis,2
meilleurs,3
promit,5
eut,44
perdre,6
dû,4
gré,8
festine,1
humeur,6
domestique,2
accourt,4
avertit,3
demandaient,2
voir,44
promptement,1
table,8
cohorte,1
perd,6
dent,5
gémeaux,1
28,2
rendent,3
grâce,23
avertissent,1
déloge,2
maison,22
prédiction,1
pilier,1
plafond,1
trouvant,8
étaie,1
brise,2
plats,2
flacons,1
échansons,1
pis,7
rendre,14
complète,2
vengeance,2
due,2
poutre,1
cassa,1
plupart,7
estropiés,1
soin,17
publier,2
affaire,35
doubla,1
méritaient,2
aimé,1
fils,28
payant,2
ancêtres,1
reviens,3
texte,2
dis,17
premièrement,4
saurait,9
largement,1
29,2
melpomène,1
déroger,1
trafique,1
tenir,4
art,12
honneur,15
lors,8
olympe,7
parnasse,4
bons,11
30,2
malheureux,16
appelait,2
jours,30
secours,9
sembles,1
viens,10
finir,1
fortune,30
obliger,4
effet,7
frappe,2
ôtez,4
objet,10
hideux,2
horreur,2
effroi,2
approche,8
mécénas,1
part,28
rende,1
impotent,1
cul,1
jatte,1
goutteux,2
manchot,1
pourvu,6
somme,16
31,2
bûcheron,5
ramée,2
faix,2
fagot,3
ans,18
gémissant,1
courbé,1
pesants,1
tâchait,1
gagner,6
chaumine,1
enfumée,1
pouvant,4
effort,6
douleur,4
songe,8
quel,22
eu,6
depuis,7
ronde,9
repos,8
soldats,1
impôts,2
créancier,2
corvée,1
peinture,2
achevée,1
tarder,5
demande,13
aider,7
recharger,1
tarderas,1
trépas,5
bougeons,2
32,2
souffrir,7
devise,1
âges,2
maîtresses,1
moyen,8
âge,12
tirant,1
grison,3
songer,6
mariage,3
comptant,2
partant,3
choisir,2
plaire,9
pressait,1
adresser,1
veuves,2
eurent,7
mûre,1
réparait,1
détruit,4
nature,16
badinant,2
riant,3
allaient,6
testonnant,1
ajustant,1
vieille,12
moments,4
emportait,1
34,2
poil,1
restait,3
amant,5
fût,16
guise,3
saccageait,1
poils,1
tour,15
demeura,4
douta,2
rends,5
grâces,6
belles,6
tondu,1
gagné,1
hymen,2
nouvelles,2
prendrais,2
voudrait,2
vécusse,1
mienne,3
chauve,4
tienne,4
obligé,2
35,2
cigogne,10
compère,4
frais,5
retint,1
dîner,8
commère,7
apprêts,1
besogne,2
brouet,3
vivait,5
chichement,1
assiette,1
miette,1
drôle,2
lapé,1
moment,13
venger,6
tromperie,2
prie,7
cérémonie,2
dite,1
courut,3
hôtesse,2
politesse,1
cuit,1
renards,4
manquent,1
réjouissait,1
viande,1
mise,2
menus,3
morceaux,3
croyait,6
friande,1
36,3
servit,2
embarrasser,1
vase,2
col,5
étroite,1
embouchure,1
museau,4
mesure,1
fallut,7
retourner,1
aurait,17
serrant,1
oreille,7
trompeurs,1
écris,1
attendez,2
pareille,3
37,2
certain,35
sot,15
remontrance,1
laissa,8
choir,2
bords,5
seine,1
permit,1
saule,2
branchage,1
sauva,4
branches,1
magister,3
tournant,2
cris,4
grave,1
contretemps,1
avise,1
tancer,1
babouin,1
sottise,2
prenez,7
tels,7
fripons,1
faille,4
veiller,1
semblable,10
canaille,4
maux,7
bord,10
38,2
blâme,3
pense,12
babillard,1
censeur,3
pédant,1
connaître,5
discours,6
avance,3
peuple,27
créateur,1
béni,1
engeance,7
exercer,2
tire,8
feras,1
harangue,3
39,3
coq,11
perle,3
détourna,1
lapidaire,2
fine,2
mil,1
ignorant,10
hérita,1
manuscrit,1
porta,3
voisin,11
libraire,1
ducaton,1
40,3
frelons,6
miel,4
connaît,8
artisan,4
quelques,16
rayons,4
réclamèrent,1
abeilles,2
opposant,1
certaine,10
guêpe,4
traduisit,1
malaisé,3
décider,1
témoins,4
déposaient,1
autour,12
ailés,1
bourdonnant,1
longs,4
couleur,2
tannée,1
longtemps,10
paru,1
enseignes,1
sachant,5
raisons,5
enquête,1
lumière,3
entendit,3
fourmilière,2
éclairci,1
abeille,1
prudente,2
tantôt,17
mois,11
pendante,1
premiers,2
41,2
gâte,2
désormais,4
juge,9
hâte,4
léché,2
contredits,1
interlocutoires,1
fatras,1
grimoires,1
travaillons,1
verra,4
suc,1
doux,17
cellules,1
bâties,1
refus,2
adjugea,1
plût,2
réglât,1
turcs,2
suivît,1
méthode,1
tiendrait,2
code,1
gruge,1
longueurs,1
fin,23
huître,5
écailles,1
plaideurs,2
42,2
chêne,4
roseau,4
accuser,1
roitelet,1
pesant,1
fardeau,5
vent,14
rider,1
face,3
oblige,6
baisser,1
caucase,2
pareil,5
arrêter,5
soleil,14
brave,2
tempête,3
aquilon,1
semble,13
zéphyr,3
encor,4
naissiez,1
couvre,1
auriez,4
défendrais,1
naissez,1
humides,1
royaumes,2
injuste,2
compassion,2
arbuste,1
souci,5
43,3
redoutables,1
plie,2
romps,2
contre,34
épouvantables,1
résisté,1
courber,1
attendons,1
horizon,1
furie,2
terrible,5
nord,1
portés,1
jusque,8
flancs,5
tient,11
redouble,1
efforts,6
déracine,1
touchaient,1
morts,10
deuxième,1
45,3
difficile,2
naissant,1
reçu,2
calliope,1
dons,3
amants,2
muse,3
consacrerais,1
mensonges,2
ésope,16
mensonge,2
chéri,3
orner,1
fictions,1
lustre,2
inventions,1
essaie,1
savant,2
fasse,8
répondre,3
arbres,1
plantes,1
devenus,3
créatures,2
parlantes,1
enchantement,1
vraiment,3
diront,1
critiques,1
magnifiquement,1
censeurs,1
soient,2
authentiques,1
dix,7
murailles,1
46,2
lassé,4
grecs,4
moyens,3
assauts,3
batailles,1
pu,5
fière,3
cité,2
cheval,21
minerve,2
rare,3
nouvel,2
artifice,1
énormes,1
reçut,4
ulysse,1
diomède,1
ajax,1
impétueux,1
monstrueux,1
escadrons,1
devait,8
porter,12
troie,2
livrant,1
fureur,7
mêmes,2
stratagème,3
inouï,1
fabricateurs,1
paya,2
constance,1
dira,5
auteurs,2
période,1
longue,6
reprendre,2
haleine,7
phalanges,1
étranges,1
cajole,1
sied,1
baissons,1
jalouse,4
amaryle,1
songeait,3
alcippe,1
soins,13
47,3
tircis,6
aperçut,7
glisse,2
saules,1
adressant,1
paroles,5
rime,2
légitime,1
vertu,4
remettez,1
fonte,1
maudit,7
tairas,1
achever,1
conte,8
dessein,9
dangereux,4
entreprendre,1
délicats,2
satisfaire,2
48,2
conseil,9
tenu,3
nommé,3
rodilardus,1
telle,10
déconfiture,1
voyait,14
dedans,9
sépulture,2
trou,11
trouvait,5
soûl,1
rodilard,3
gent,10
misérable,6
or,24
sabbat,2
demeurant,1
chapitre,1
nécessité,4
doyen,2
personne,12
opina,1
attacher,3
grelot,2
irait,3
marche,4
avertis,3
enfuiraient,1
49,2
avis,15
parut,4
salutaire,2
difficulté,3
saurais,4
quitta,5
chapitres,4
vus,5
néant,1
tenus,1
moines,2
voire,1
chanoines,1
délibérer,1
cour,21
foisonne,1
besoin,10
exécuter,1
50,2
plaidant,2
volé,1
prétendu,2
vol,1
appelé,3
plaidé,1
avocats,3
thémis,1
travaillé,1
embrouillé,1
magistrat,2
suait,2
justice,3
contesté,1
répliqué,1
crié,2
tempêté,1
instruit,2
malice,2
connais,1
paierez,1
amende,1
quoiqu,1
ait,12
prétendait,6
condamnant,1
pervers,2
51,2
taureaux,5
combattaient,1
posséderait,2
soupirait,2
croassant,1
querelle,7
exil,1
chassant,3
renoncer,1
campagnes,2
fleuries,1
régnera,2
prairies,1
marais,4
régner,1
roseaux,2
foulant,1
eaux,6
pâtisse,1
combat,8
causé,2
demeure,13
cacher,3
écrasait,1
pâti,1
52,2
baissée,1
nid,7
belette,15
sitôt,7
courroucée,1
dévorer,1
osez,1
produire,1
race,11
tâché,1
nuire,3
fiction,1
pardonnez,1
pauvrette,2
profession,1
méchants,7
auteur,8
univers,9
fend,1
plut,5
liberté,4
retirer,1
étourdie,2
aveuglément,1
fourrer,2
53,2
ennemie,1
croquer,1
protesta,1
outrage,2
vivent,2
confonde,1
adroite,1
répartie,1
fois,22
trouvés,2
écharpe,2
changeant,3
dangers,4
figue,1
selon,8
ligue,1
54,2
blessé,2
flèche,2
mortellement,1
atteint,4
empennée,1
déplorait,1
triste,9
destinée,3
souffrant,1
surcroît,3
contribuer,1
cruels,1
humains,7
tirez,2
machines,1
mortelles,1
moquez,2
pitié,6
japet,1
moitié,8
fournira,1
armes,2
lice,6
compagne,6
terme,3
pressant,3
consent,3
hutte,1
enferme,2
revient,9
quinzaine,1
marchaient,1
obtient,2
second,5
échu,1
redemande,1
chambre,4
dents,13
bande,5
hors,7
forts,4
regrette,1
tirer,9
56,3
plaider,1
combattre,3
laissez,8
pied,11
auront,1
bientôt,14
57,3
aigle,25
escarbot,8
donnait,3
terrier,1
enfuyait,2
gîte,5
blottit,2
fondant,1
nonobstant,2
asile,6
intercède,1
princesse,1
facile,3
enlever,1
malgré,4
affront,1
choque,1
aile,3
étourdit,1
taire,5
enlève,2
indigné,1
fracasse,1
absence,2
œufs,10
tendres,2
douce,5
espérance,3
58,3
épargné,1
voyant,19
ménage,3
remplit,6
comble,2
souffert,1
vain,11
plainte,7
affligée,1
suivant,2
prend,23
saut,3
vengée,1
deuil,3
écho,1
dormit,1
ganymède,1
monarque,11
implore,1
aide,8
dépose,1
giron,1
croit,15
paix,13
intérêts,2
contraint,3
prendre,21
changea,3
note,2
robe,8
crotte,1
secouant,1
jeta,1
59,2
sut,9
inadvertance,1
menaça,2
abandonner,2
désert,4
dépendance,1
extravagance,1
tut,2
tribunal,2
comparut,1
conta,3
ennemis,5
voulant,9
accord,4
avisa,1
transporter,1
escarbote,1
quartier,1
hiver,4
marmotte,1
cache,4
60,2
moucheron,5
chétif,4
insecte,3
excrément,1
parlait,5
déclara,1
penses,4
titre,1
soucie,1
mène,2
fantaisie,1
achevait,1
sonna,2
trompette,4
fou,9
quadrupède,1
écume,1
étincelle,2
rugit,1
tremble,1
environ,3
alarme,4
universelle,1
avorton,1
harcèle,1
61,3
échine,3
naseau,1
alors,19
faîte,3
montée,1
invisible,1
triomphe,1
griffe,5
irritée,1
devoir,4
déchire,3
résonner,1
entour,7
fatigue,1
abat,2
sonne,1
victoire,7
annoncer,3
embuscade,1
enseignée,1
craindre,4
périls,1
soustraire,1
périt,8
62,2
éponges,3
sel,3
ânier,4
sceptre,2
menait,2
romain,1
coursiers,1
courrier,2
prier,4
portait,5
bouteilles,1
gaillards,1
pèlerins,1
monts,5
vaux,2
chemins,2
gué,2
rivière,7
arrivèrent,2
empêchés,2
traversait,1
éponge,3
monta,1
précipita,1
revint,3
échappa,2
nagées,1
fondit,1
63,2
sentit,3
épaules,2
soulagées,1
épongier,1
mouton,10
plonge,2
conducteur,1
burent,1
devint,5
pesante,2
emplit,2
succombant,1
embrassait,1
attente,1
prompte,1
vint,9
agir,5
voulais,3
64,2
soi,18
vérité,4
preuves,1
abonde,1
sortit,1
occasion,6
montra,2
bienfait,1
cru,7
advint,2
rets,3
rugissements,1
purent,3
défaire,2
maille,3
rongée,1
emporta,3
patience,2
longueur,2
65,2
colombe,5
tiré,2
ruisseau,2
buvait,1
penchant,1
océan,1
efforcer,1
regagner,1
rive,2
usa,3
charité,1
jeté,1
promontoire,1
sauve,2
croquant,5
hasard,10
arbalète,1
vénus,2
pot,15
villageois,5
apprête,1
talon,1
vilain,1
retourne,9
envole,2
pigeon,2
obole,3
astrologue,3
puits,6
peux,1
servir,8
plaisent,1
mortels,3
peuvent,6
homère,1
siens,5
antiquité,2
providence,3
science,3
appeler,3
incertaines,1
67,2
volontés,2
souveraines,2
sein,2
imprimé,1
étoiles,1
utilité,1
sphère,1
globe,1
écrit,6
inévitables,1
biens,13
incapable,1
causant,1
dégoût,1
prévenus,1
convertir,1
crime,2
firmament,1
meut,2
astres,1
cours,9
fuit,1
clarté,1
succède,4
ombre,13
puissions,1
inférer,1
luire,1
éclairer,1
amener,2
saisons,1
mûrir,1
semences,1
verser,2
certaines,3
influences,1
divers,8
égal,4
68,2
charlatans,3
faiseurs,2
horoscopes,1
princes,4
europe,3
emmenez,1
souffleurs,1
méritez,1
revenons,1
spéculateur,1
boire,7
vanité,4
mensonger,1
bâillent,1
chimères,2
affaires,9
69,2
lièvre,20
grenouilles,9
profond,4
ennui,3
plongeait,1
ronge,3
peureux,1
sauraient,3
profite,1
maudite,5
empêche,1
sinon,3
ouverts,2
corrigez,1
cervelle,4
corrige,1
raisonnait,2
guet,6
douteux,2
inquiet,2
souffle,4
fièvre,1
70,2
mélancolique,1
rêvant,1
léger,6
signal,1
enfuir,1
devers,1
tanière,4
étang,1
sauter,4
rentrer,1
grottes,1
profondes,2
oh,10
présence,3
effraye,1
camp,1
vaillance,2
tremblent,1
foudre,4
poltron,2
puisse,4
71,2
sentinelle,2
vieux,15
adroit,1
matois,1
adoucissant,1
générale,1
descends,2
embrasse,2
retarde,1
dois,5
postes,1
vaquer,2
nulle,10
servirons,1
feux,2
recevoir,1
fraternel,1
pouvais,2
apprendre,5
double,6
72,2
lévriers,1
assure,4
courriers,1
pourrons,2
traite,2
réjouirons,1
succès,4
grègues,1
tromper,3
trompeur,1
73,2
imiter,3
enlevant,1
témoin,4
faible,3
reins,1
glouton,2
tourne,4
marque,3
sacrifice,1
réservé,1
gaillard,2
couvant,1
nourrice,1
paraît,2
merveilleux,1
serviras,1
pâture,3
bêlant,1
moutonnière,1
créature,3
pesait,1
toison,1
épaisseur,1
mêlée,1
barbe,4
polyphème,1
empêtra,1
serres,2
74,2
retraite,5
berger,17
encage,1
amusette,1
mesurer,1
conséquence,1
nette,2
volereaux,1
leurre,1
mangeurs,1
75,2
paon,5
plaignant,3
junon,3
plaignait,4
déesse,8
murmure,1
chant,3
don,4
déplaît,1
rossignol,2
sons,3
éclatants,2
printemps,4
jaloux,2
devrais,1
envier,1
arc,5
nué,1
soies,1
panades,1
déploies,1
riche,4
boutique,2
cieux,7
capable,3
propriétés,2
76,2
avons,3
donné,2
diverses,1
qualités,1
partage,8
faucon,4
courage,9
sert,14
présage,1
corneille,1
malheurs,3
punir,3
ôterai,1
chatte,9
métamorphosée,2
chérissait,1
éperdument,1
mignonne,2
délicate,2
miaulait,1
prières,1
larmes,4
sortilèges,1
charmes,4
amitié,2
charma,1
favori,2
épouse,5
hypocondre,1
mari,13
amadoue,1
flatte,4
poussant,2
78,2
rongeaient,1
natte,1
troublèrent,1
nouveaux,3
mariés,1
manqua,2
revenir,3
posture,2
changé,2
figure,4
craignaient,1
amorce,1
moque,3
accompli,1
imbibé,1
étoffe,2
pli,1
ordinaire,9
désaccoutumer,1
réformer,1
fourche,1
étrivières,1
changer,7
manières,3
fussiez,2
embâtonnés,1
maîtres,4
reviendra,1
fenêtres,1
79,2
giboyer,1
célébrait,1
gibier,3
beaux,12
sangliers,1
daims,2
cerfs,2
réussir,1
ministère,1
stentor,1
messer,2
office,5
cor,1
posta,1
couvrit,1
commanda,1
braire,1
intimidés,1
fuiraient,1
accoutumée,2
retentissait,1
épouvantable,1
frayeur,1
saisissait,1
fuyaient,2
tombaient,1
piège,4
inévitable,1
attendait,4
donnant,3
80,2
bravement,1
connaissais,1
effrayé,1
osé,1
raillât,1
juste,5
fanfaron,3
caractère,1
81,2
testament,9
expliqué,2
oracle,5
grèce,2
sagesse,2
aréopage,1
essai,2
gentilles,1
pourra,3
lecteur,3
filles,8
contraire,6
buveuse,1
coquette,2
avare,8
lois,4
municipales,1
portions,1
égales,1
payable,2
chacune,3
contingente,1
femelles,1
courent,1
attendre,5
tâche,7
82,2
volonté,3
testateur,2
comprendre,1
possédera,1
héréditaire,1
consultée,1
cas,14
jettent,1
bonnet,1
confessent,1
vaincus,1
conseillent,1
héritières,1
surplus,1
veuve,5
dirent,5
traité,3
créer,1
rente,1
décès,2
courante,1
réglée,1
composa,1
lots,2
83,2
maisons,2
bouteille,2
buffets,1
dressés,1
treille,3
vaisselle,1
cuvettes,1
brocs,1
magasins,1
malvoisie,1
esclaves,1
attirail,4
goinfrerie,1
coquetterie,1
meubles,1
exquis,2
eunuques,1
coiffeuses,2
brodeuses,1
joyaux,1
robes,2
lot,3
fermes,1
troupeaux,3
pâturage,1
valets,8
bêtes,5
labeur,1
faits,6
inclination,2
estimation,1
athènes,5
84,2
approuva,3
choix,4
peines,5
justement,2
défunt,6
attique,1
reproches,1
subtil,2
peuples,1
entendu,3
suprême,2
parlé,2
pût,5
convenable,1
sœurs,4
agréable,4
buveuses,1
biberonne,1
bétail,1
ménagère,2
phrygien,1
alléguant,3
85,2
marieraient,1
familles,2
verrait,1
paieraient,1
posséderaient,1
effets,3
étonna,1
multitude,1
86,2
87,2
maucroix,1
invention,2
arts,3
aînesse,1
devons,4
apologue,6
ancienne,1
champ,11
tellement,2
moissonner,1
derniers,5
trouvent,4
glaner,1
feinte,2
pays,10
terres,2
désertes,1
découvertes,1
trait,6
racan,2
conté,2
héritiers,1
lyre,1
disciples,1
apollon,4
rencontrant,2
seuls,2
confiaient,1
pensers,2
devez,1
degrés,1
fuir,6
avancé,1
résoudrai,1
connaissez,2
naissance,2
établir,1
séjour,10
mêlé,2
amertume,1
douceurs,2
alarmes,2
suivais,1
buter,1
miens,3
écoutez,5
réponde,3
lu,4
vieillard,16
garçon,3
quinze,1
foire,3
débit,2
lia,1
suspendit,2
portent,1
idiots,1
rustre,2
éclata,2
farce,2
jouer,1
89,2
ignorance,3
détaler,1
goûtait,1
plaint,4
patois,2
cure,2
monter,2
passent,1
déplut,2
écria,7
descendez,1
dise,3
menez,1
laquais,2
suivre,3
monte,2
passant,12
honte,4
clocher,1
nigaud,1
évêque,1
assis,2
veau,5
passez,1
quolibets,1
renvoyés,1
croupe,2
trente,1
90,2
gloser,1
mourra,2
charger,1
bourrique,1
parbleu,1
cerveau,3
prétend,4
essayons,1
viendrons,1
descendent,1
prélassant,1
quidam,1
aille,3
incommode,1
lasser,1
conseille,3
enchâsser,1
usent,1
souliers,2
conservent,1
nicolas,1
rebours,2
jeanne,1
trio,2
baudets,1
repartit,14
conviens,3
avoue,2
dorénavant,1
loue,2
91,2
mars,5
abbaye,1
parleront,1
doutez,1
nullement,3
92,2
membres,5
estomac,2
devais,3
royauté,2
commencé,1
gaster,3
ressent,1
travailler,2
lassant,2
résolut,2
gentilhomme,1
disaient,4
vécût,1
suons,1
peinons,1
profitons,1
aboutit,1
chômons,1
métier,4
cessent,1
bras,10
marcher,6
allât,5
repentirent,1
tombèrent,2
langueur,3
93,3
forma,1
membre,1
souffrit,1
perdirent,4
mutins,1
virent,4
croyaient,3
oisif,1
paresseux,3
contribuait,1
appliquer,1
royale,1
reçoit,1
égale,1
réciproquement,1
aliment,1
enrichit,2
marchand,8
gage,3
maintient,1
laboureur,4
paie,1
soldat,2
distribue,1
entretient,1
seule,4
ménénius,2
commune,6
séparer,1
sénat,1
mécontents,1
pouvoir,8
trésors,3
dignité,1
tributs,1
fatigues,1
murs,1
posté,1
94,2
semblables,1
insigne,2
ramena,1
95,2
devenu,7
commençait,2
personnage,6
habille,1
endosse,1
hoqueton,2
houlette,3
oublier,2
cornemuse,1
pousser,1
ruse,3
guillot,4
faite,6
posés,1
sycophante,1
doucement,2
étendu,5
herbette,1
dormait,5
profondément,1
musette,1
dormaient,2
pareillement,1
hypocrite,3
mener,3
96,3
voulut,9
parole,5
habits,2
nécessaire,5
gâta,1
pasteur,3
contrefaire,1
retentir,1
découvrit,2
mystère,2
réveille,2
esclandre,1
empêché,2
fourbes,1
laissent,1
agisse,1
97,2
demandent,3
démocratique,1
clameurs,1
soumit,1
monarchique,1
pacifique,1
tombant,3
marécageuse,1
sotte,5
peureuse,1
joncs,2
marécage,2
oser,2
regarder,1
visage,3
géant,1
soliveau,1
gravité,1
aventurant,1
osa,4
approcha,3
tremblant,2
suivit,1
98,2
rendit,3
familière,1
épaule,2
souffre,2
coi,3
rompue,1
remue,2
croque,2
tue,1
gobe,1
désir,4
astreindre,1
suffire,2
débonnaire,1
contentez,2
rencontrer,3
pire,2
bouc,4
capitaine,2
hauts,2
encornés,1
soif,1
obligea,1
descendre,1
désaltère,1
abondamment,1
cornes,10
grimperai,1
élevant,1
sortirai,1
tirerai,1
sensés,1
100,3
secret,7
compagnon,6
sermon,1
exhorter,1
excellence,1
jugement,1
légère,6
descendu,2
permet,1
considérer,2
101,2
laie,7
creux,4
incommoder,1
mères,3
nourrissons,4
tripotage,1
détruisit,3
fourbe,3
grimpa,1
tardera,1
possible,2
guères,3
fouir,2
incessamment,4
creuser,1
déraciner,1
assurément,1
attirer,1
dévorés,1
tiennent,3
assurés,1
adoucirais,1
perfide,3
descend,3
gésine,1
amie,1
102,2
sortez,1
fondra,1
obligez,2
courroux,8
tomberait,1
semé,1
ose,3
pourvoir,3
besoins,2
sottes,1
demeurer,3
obstine,1
secourir,2
royal,1
irruption,1
resta,2
marcassine,1
aiglonne,1
renfort,1
ourdir,1
traîtresse,2
pernicieuse,1
adresse,9
sortis,1
103,2
boîte,1
pandore,1
abhorre,1
104,2
ivrogne,2
remédie,1
souvient,4
appuie,2
suppôt,1
bacchus,1
altérait,1
santé,2
bourse,5
telles,2
course,3
écus,3
jus,1
laissé,4
enferma,1
tombeau,2
vapeurs,2
cuvèrent,1
réveil,2
luminaire,1
drap,1
alecton,2
masquée,1
contrefaisant,1
bière,2
105,2
chaudeau,1
lucifer,1
époux,11
citoyen,2
enfer,2
es,3
fantôme,3
cellerière,1
royaume,4
enclôt,1
repart,1
portes,2
106,2
goutte,6
vanter,1
humaine,2
lignée,2
également,1
redouter,1
avisons,1
habiter,2
cases,2
étroites,2
palais,8
dorés,2
proposé,1
retraites,1
tenez,3
bûchettes,1
accommodez,1
aragne,4
plaise,4
pleins,1
nommés,2
médecins,4
piquet,1
orteil,1
poste,1
chomme,1
déloger,4
paquet,2
107,3
hippocrate,5
campe,1
lambris,1
bail,1
ourdie,2
moucherons,1
servante,2
balayer,1
tissue,1
balai,3
bestion,1
déménage,1
malheureuse,2
hôte,9
fendre,1
houer,1
tracassée,1
demi,9
pansée,1
résister,1
écouter,5
loger,4
prélat,2
condamne,2
108,2
bouger,2
cataplasmes,1
compte,5
sagement,2
109,2
loups,14
mangent,1
gloutonnement,1
frairie,1
pressa,1
pensa,4
gosier,3
bonheur,5
signe,1
opératrice,1
retira,2
demanda,2
riez,1
retiré,3
ingrate,1
tombez,1
110,3
abattu,3
exposait,1
tracé,1
immense,2
stature,1
terrassé,1
regardants,1
tiraient,2
rabattit,1
caquet,2
ouvrier,1
déçus,1
feindre,1
aurions,1
confrères,2
111,3
raisins,2
gascon,2
normand,3
mourant,5
mûrs,3
apparemment,2
couverts,2
vermeille,1
atteindre,1
verts,1
goujats,1
112,2
cygne,4
cuisinier,5
ménagerie,1
volatiles,1
remplie,1
vivaient,4
oison,2
destiné,2
regards,5
piquait,2
commensal,1
jardin,5
fossés,1
galeries,1
côte,2
nager,3
courir,8
plonger,1
vaines,2
envies,1
bu,1
tenant,1
égorger,1
potage,5
prêt,8
surpris,4
mépris,4
mettrais,2
chanteur,3
soupe,1
coupe,2
113,3
gorge,5
suivent,1
114,2
déclarée,1
avecque,9
partis,3
mangeaient,1
égarée,1
pâturages,1
carnages,1
pouvaient,1
jouir,3
conclut,3
otages,1
louveteaux,1
échange,1
formes,1
ordinaires,1
réglé,1
commissaires,1
louvats,1
parfaits,1
friands,1
tuerie,1
lls,1
prennent,2
bergerie,1
étranglent,1
agneaux,3
emportent,1
retirent,1
averti,3
secrètement,1
115,2
reposaient,1
sûrement,1
furent,5
étranglés,1
dormant,3
sentirent,1
pouvons,2
conclure,2
continuelle,1
116,2
terreur,3
pleurant,3
antique,1
prouesse,2
attaqué,1
sujets,6
faiblesse,2
corne,2
languissant,1
morne,1
rugir,2
estropié,1
attend,5
aucunes,1
plaintes,1
antre,9
accourir,2
atteintes,1
117,2
philomèle,4
progné,4
écarta,1
vue,2
souviens,1
thrace,1
pensez,1
quitterez,1
solitaire,3
talents,2
cités,1
éclater,1
merveilles,5
térée,1
demeures,3
118,2
exerça,1
divins,1
appas,1
cruel,1
119,2
noyée,1
noie,1
sexe,3
regrettions,1
puisqu,6
agit,6
flots,1
fini,2
déplorable,1
honneurs,2
fleuve,2
disgrâce,2
promenaient,1
accident,2
demandant,1
aperçu,1
trace,1
cherchez,4
fil,1
120,2
rebroussez,1
arrière,3
pente,2
contradiction,1
flotter,1
raillait,2
contredisante,1
naîtra,1
faute,8
contredira,1
delà,3
121,3
entrée,3
grenier,3
damoiselle,1
fluet,1
entra,2
étroit,1
sortait,1
maladie,3
discrétion,1
galante,2
chère,10
lie,3
mangea,1
rongea,1
lard,1
conclusion,1
grasse,3
mafflue,1
rebondie,1
semaine,3
dîné,1
soû,1
repasser,1
méprise,2
surprise,1
aviez,1
panse,1
pleine,4
maigre,2
122,2
confondons,1
approfondir,2
123,2
conteur,1
alexandre,4
attila,1
fléau,1
rendait,2
exterminateur,1
cerbère,1
craint,6
lieue,3
dépeupler,1
planches,2
suspend,1
appui,2
souricières,1
jeux,7
tanières,1
prisonnières,1
osaient,1
plancher,1
pend,1
scélérate,1
cordons,1
châtiment,2
larcin,1
124,4
égratigné,1
pendu,3
garnement,1
unanimement,1
promettent,1
enterrement,1
mettent,4
montrent,1
rentrent,2
nids,1
ressortant,1
quête,3
ressuscite,2
paresseuses,1
savons,1
gobant,1
cavernes,1
creuses,1
sauveront,1
prophétisait,1
mitis,1
affine,1
blanchit,1
enfarine,1
déguisé,1
niche,1
huche,1
ouverte,2
avisé,1
125,2
trotte,1
menu,2
abstient,1
flairer,1
routier,1
bloc,1
enfariné,1
vaille,4
général,1
soupçonne,1
farine,1
sac,1
approcherais,1
approuve,2
prudence,3
expérimenté,1
méfiance,2
sûreté,2
126,2
127,2
mademoiselle,2
sevigné,1
sévigné,1
attraits,2
modèle,1
naquîtes,1
indifférence,1
pourriez,1
favorable,2
innocents,1
épouvanter,1
dompter,1
offense,3
assurance,3
offrir,4
zèle,4
reconnaissance,3
128,2
parlaient,1
lions,4
admis,2
alliance,3
valait,1
intelligence,2
hure,1
parentage,1
pré,6
rencontra,4
souhaité,1
gendre,1
semblait,2
refuser,1
clandestin,1
fiers,1
coiffe,1
129,2
crinière,1
ouvertement,1
renvoyer,3
griffes,2
pourront,2
voudrez,1
caresser,2
permettez,1
rogne,1
lime,4
baisers,1
rudes,1
délicieux,1
répondra,2
inquiétudes,1
aveuglée,1
démantelée,1
lâcha,1
résistance,2
130,2
rapport,4
contenta,2
sûre,1
déchargés,1
plage,1
tentèrent,1
vendit,2
trafiqua,1
entier,3
naufrage,3
réduit,1
paissaient,1
rivage,2
corydon,1
profits,1
racheta,1
laine,3
retenant,1
laissaient,1
paisiblement,1
aborder,2
vaisseaux,2
mesdames,1
adressez,1
131,2
sers,1
expérience,3
sou,3
conseils,2
ambition,3
fermer,2
louera,1
plaindront,1
promet,1
fiez,1
viendront,1
132,2
contestaient,1
aveugle,2
vil,1
rampant,2
hante,1
assieds,1
immole,1
goûte,3
fétu,1
traîné,1
campez,1
baise,1
rehausse,1
teint,2
blancheur,1
naturelle,2
dernière,3
allant,6
conquête,1
ajustement,2
emprunté,1
133,2
rompre,1
greniers,3
répliqua,1
hantez,1
goûter,2
profanes,2
rois,9
ânes,2
disconviens,1
prompt,5
importunité,1
punie,2
jolie,1
fassiez,1
mérites,1
nomme,3
parasites,1
cessez,2
ayez,2
hautes,2
pensées,2
chassées,1
mouchards,1
pendus,1
mourrez,1
134,2
froid,6
misère,1
phébus,5
hémisphère,2
jouirai,1
travaux,2
irai,1
exposer,1
pluie,3
vivrai,1
mélancolie,2
aurai,8
exemptera,1
enseignerai,2
fausse,1
véritable,5
perds,1
babiller,1
135,2
jardinier,4
amateur,4
jardinage,2
possédait,6
village,7
clos,2
attenant,1
plant,1
vif,3
fermé,1
étendue,2
croissait,1
oseille,1
laitue,1
margot,1
bouquet,1
jasmin,1
espagne,2
serpolet,1
troublée,1
bourg,2
plaignit,4
goulée,1
pièges,1
pierres,1
perdent,2
crédit,4
sorcier,2
défie,1
miraut,2
dépit,2
attrapera,1
déferai,1
bonhomme,5
136,2
çà,4
déjeunons,1
voie,3
marierons,1
aurons,1
gendres,1
entendez,1
fouiller,1
escarcelle,2
connaissance,4
asseoir,2
mouchoir,1
défend,1
respect,1
suspect,1
fricasse,1
rue,2
jambons,1
reçois,1
déjeune,1
chevaux,10
endentés,1
commande,1
libertés,1
boit,1
embarras,2
chasseurs,1
déjeuné,1
anime,2
prépare,1
137,2
trompes,1
cors,1
tintamarre,1
étonné,2
piteux,2
équipage,8
potager,1
carreaux,2
chicorée,1
poireaux,1
gîté,1
chou,2
lance,3
trouée,1
horrible,1
plaie,1
ordre,3
laissait,2
dégât,1
auraient,1
lièvres,2
videz,1
débats,6
recourir,1
seriez,1
engager,2
guerres,2
entrer,3
138,2
forçons,1
ferions,1
lourdaud,3
chérit,1
gratifie,1
agréer,1
infus,1
laisser,4
ressembler,1
aimable,2
cher,5
parce,1
mignon,2
vivra,1
pair,1
baisé,1
139,2
admirable,1
pensée,3
lourdement,1
usée,1
amoureusement,1
accompagner,1
ornement,3
gracieux,2
action,2
hardie,1
mélodie,1
holà,2
martin,4
change,4
finit,1
comédie,2
140,2
nation,2
aucun,9
habitations,1
ferait,2
imagine,1
destructions,1
année,4
foison,1
ratapon,1
déployèrent,1
étendard,1
balança,1
guéret,1
engraissa,1
141,2
endroits,3
souriquois,1
déroute,1
entière,2
artarpax,1
psicarpax,1
méridarpax,1
poussière,2
soutinrent,1
combattants,1
céder,1
périrent,1
racaille,2
plumail,1
aigrettes,1
marques,4
142,2
conçussent,1
causa,1
fente,2
crevasse,1
populace,1
entrait,3
principale,1
jonchée,1
principaux,1
empanachée,1
superbe,2
passage,5
causer,2
retardement,1
esquivent,1
aisément,5
143,2
dauphin,5
usage,7
voyageurs,2
menaient,1
singes,1
bateleurs,1
dauphins,1
péri,1
pline,1
occurrence,1
profitant,1
ressemblance,1
gravement,2
renomme,1
144,2
employez,2
rangs,2
mien,3
cousin,1
maire,1
merci,5
pirée,1
magot,2
port,3
prendraient,1
vaugirard,1
rome,1
caquetants,1
dru,1
parlent,3
considéré,1
145,2
aperçoit,2
replonge,1
sauver,4
146,2
idole,5
païen,3
sourds,2
ayants,1
promettait,1
coûtait,4
vœux,5
offrandes,1
sacrifices,1
bœufs,5
couronnés,1
guirlandes,1
culte,1
échût,1
succession,2
amassait,1
souffrait,1
pitance,2
forte,4
fâchant,1
obtenir,1
levier,1
pièces,2
rempli,3
valu,1
sors,1
cherche,6
autels,2
147,3
ressembles,1
naturels,1
grossiers,3
stupides,1
remplissais,1
vides,2
148,2
geai,3
plumes,2
muait,1
accommoda,1
paons,2
panada,1
reconnut,3
bafoué,1
berné,1
sifflé,1
moqué,2
joué,1
plumé,1
réfugié,1
geais,1
parent,3
dépouilles,1
plagiaires,1
tais,2
149,2
chameau,4
flottants,2
licou,1
dromadaire,1
accoutumance,1
familier,2
paraissait,1
singulier,1
apprivoise,1
continue,1
tombés,2
empêcher,3
brûlot,1
ballot,1
conviendrait,1
150,2
merlin,1
cuide,1
engeigner,1
engeigne,1
regret,5
semblé,2
énergie,1
nourris,1
connaissait,1
avent,1
carême,1
égayait,1
ferai,3
messire,6
soudain,2
allégua,2
délices,1
bain,1
curiosité,1
raretés,1
conterait,1
mœurs,2
habitants,2
publique,3
aquatique,1
151,2
nageait,1
jonc,1
entrés,1
efforce,1
jurée,1
chaude,2
curée,3
excellent,1
atteste,1
résiste,1
milan,1
planait,1
pauvret,1
débattant,1
lien,2
chair,3
152,2
inventeur,1
perfidie,1
153,2
tribut,8
connue,1
moralité,2
nue,6
libre,2
commandait,1
quadrupèdes,1
vermisseaux,1
républiques,1
bouches,1
publiant,1
édit,2
lige,1
crurent,1
subir,1
154,2
assemble,2
quittent,2
résout,1
envoyer,2
hommage,4
obligeant,1
possédant,1
domaine,4
mines,1
fournit,1
question,1
offrirent,1
assistés,1
ambassadeur,2
caravane,1
monseigneur,2
rencontrons,1
compagnons,8
allais,3
155,2
embarrasse,3
serai,2
attaquent,1
éconduire,1
rarement,5
pratique,1
issu,1
bordé,1
ruisseaux,1
fleurs,2
diapré,1
zéphirs,1
continuez,1
ambassade,3
brûle,1
perdez,1
156,3
déballe,1
témoignait,3
monnaie,1
produites,1
croît,1
appartient,2
sommiers,1
répliquer,1
remirent,1
plaignirent,1
proverbe,2
corsaires,3
attaquant,1
157,2
nés,1
genre,3
humain,3
gland,1
contentait,2
mule,1
habitait,2
siècle,1
selles,1
bâts,1
harnois,2
chaises,1
carrosses,2
noces,4
différent,1
vitesse,3
recours,1
implora,1
sauta,1
laissât,4
remercie,2
bienfaiteur,2
sauvage,5
158,2
folie,7
écurie,2
bâtie,1
traînant,1
remis,1
acheter,2
159,2
buste,3
masques,1
théâtre,2
apparence,2
impose,1
vulgaire,2
idolâtre,1
juger,4
examine,1
applique,1
louant,1
sculpture,1
combien,6
bustes,1
160,2
chevreau,2
bique,2
remplir,2
traînante,1
mamelle,1
paître,4
ferma,2
loquet,1
biquet,3
gardez,6
die,3
enseigne,3
foin,3
recueille,1
contrefait,1
papelarde,1
soupçonneux,1
161,3
montrez,2
ouvrirai,1
retourna,1
ajouté,1
sûretés,1
valent,2
162,2
remet,1
écart,1
chape,1
chute,2
veaux,2
régiments,1
dindons,2
provende,1
ennuyer,3
gourmande,1
menace,4
tait,1
remerciant,2
apaisant,1
géniture,3
criez,1
tuerons,1
mangeur,1
163,4
marmot,1
noisette,1
épieux,1
fourches,1
fières,1
ajustent,1
veniez,1
mangeras,1
assouvisse,1
assomma,1
coupa,1
dicton,1
picard,1
biaux,1
chires,1
leups,1
tenchent,1
chen,1
fieux,1
164,2
socrate,4
censurait,1
indignes,2
blâmait,1
appartements,1
tournait,2
vrais,3
repose,5
165,3
puissance,4
unie,2
phrygie,1
ajoute,2
envie,9
enchérit,1
motif,1
seraient,5
séants,1
venons,1
tâcha,1
unir,1
chers,4
romprez,1
dards,4
liés,1
ensemble,3
expliquerai,1
nœud,1
aîné,1
cadet,1
tente,2
faisceau,1
résista,1
166,2
joints,3
faibles,1
moquait,1
sourit,2
sépare,2
rompt,1
concorde,1
dura,1
sentant,4
terminer,1
pères,1
promettez,1
obtienne,1
meurt,3
consultants,1
entrent,1
167,2
conteste,1
chicane,1
points,2
créanciers,1
voisins,3
reviennent,1
désunis,1
accommoder,2
voulurent,1
profiter,2
unis,2
168,2
impie,2
vouloir,4
dédale,1
cœurs,5
détours,1
enserre,2
éclairé,1
actions,2
sentait,2
user,3
bénéfice,1
inventaire,1
consulter,3
sanctuaire,1
moineau,2
étouffer,1
lâcher,2
tends,1
panneau,2
trouverais,1
atteins,1
169,3
possession,1
passion,1
entasser,1
avantage,6
diogène,1
gueux,1
caché,5
propose,5
servira,3
enfouie,1
déduit,1
ruminer,1
chevance,2
sacrée,1
vînt,1
bût,1
mangeât,1
songeât,1
gisait,1
enterrée,1
fossoyeur,1
170,2
dépôt,1
enleva,1
pleurs,3
tourmente,1
joignant,1
apporter,2
eussiez,1
cabinet,1
puiser,1
touchais,1
affligez,1
touchiez,1
mettez,1
vaudra,1
171,2
cherchât,1
décelez,1
pâtis,1
service,1
utile,2
fins,2
promirent,1
apporte,2
fraîche,1
fourrage,1
intendant,1
ramure,1
habitant,3
retournant,2
cérès,3
ruminant,1
172,2
revue,1
crains,4
vante,1
râteliers,1
soignées,1
coûte,2
araignées,1
ranger,2
jougs,1
colliers,1
regardant,1
reconnu,1
épieu,1
sale,1
éjouit,1
élégamment,1
173,2
attends,2
alouettes,2
pullule,1
monstres,2
marins,1
tigres,1
dernières,1
amours,5
printanières,1
bâtit,1
pond,1
couve,1
éclore,1
alentour,1
nitée,1
trouvât,2
174,3
essor,2
agitée,2
possesseur,2
décampera,1
quitté,3
apportant,1
faucille,2
couvée,3
levée,1
presse,1
gais,2
175,2
repus,1
endort,1
aube,1
devraient,4
debout,1
lents,1
dormez,1
souvint,1
visiter,2
retenez,2
prenions,1
176,2
achèverons,1
moisson,2
voletants,1
culbutants,1
délogèrent,2
177,2
178,2
premier4,1
fourmi5,1
mulets9,1
lion12,1
besace13,1
oiseaux15,1
champs18,1
agneau20,1
queues24,1
âne26,1
dieux27,1
malheureux31,1
bûcheron32,1
179,2
maîtresses34,1
école38,1
miel41,1
deuxième45,1
difficile46,1
rats49,1
singe51,1
grenouille52,1
belettes53,1
flèche55,1
sel63,1
rat65,1
fourmi66,1
180,2
puits67,1
grenouilles70,1
renard72,1
aigle74,1
junon76,1
femme78,1
chassant80,1
ésope82,1
troisième87,1
âne88,1
roi98,1
chatte102,1
femme105,1
raisins112,1
brebis115,1
181,2
vieux117,1
progné118,1
noyée120,1
grenier122,1
quatrième127,1
amoureux128,1
mer131,1
fourmi133,1
seigneur136,1
chien139,1
belettes141,1
dauphin144,1
bois147,1
paon149,1
flottants150,1
rat151,1
alexandre154,1
cerf158,1
buste160,1
182,2
enfants166,1
trésor170,1
maître172,1
183,2
184,3
ème,1
publié,2
propriété,2
exclusive,2
yves,2
dupuis,2
185,2
365,2
cinquième,1
mercure,6
cdb,1
règle,1
tenté,1
acquérir,3
suffrage,3
évite,2
curieux,1
vains,3
ornements,1
ambitieux,2
bannir,1
traits,6
aimez,1
hais,1
but,5
plais,1
instruis,1
tourner,2
vice,2
ridicule,1
hercule,6
peins,1
jointe,1
pivots,1
oppose,2
ravissants,1
ample,2
actes,1
scène,1
rôle,1
introduisons,1
perdit,4
cognée,4
cherchant,2
outils,1
revendre,1
roulait,2
espoir,1
baignée,1
écriait,1
tiendrai,1
entendue,1
perdue,2
connaîtrais,1
rencontrée,1
montrée,1
refuse,1
récompensée,1
prendrai,2
dispersée,1
boquillons,1
outil,1
auquel,1
criards,1
décharge,1
sien,3
occupe,3
dupe,1
proposa,1
excusa,1
débris,1
reviendrait,1
dure,3
mettrons,1
passerai,1
sauverai,1
offre,2
persuade,1
clopin,1
clopant,1
jetés,1
hoquet,1
éclats,1
associons,1
égaux,1
pots,2
pêcheur,3
deviendra,1
rattraper,1
carpeau,1
fretin,2
butin,1
commencement,1
mettons,1
gibecière,1
carpillon,1
bouchée,1
carpe,2
devenir,1
repêchée,1
partisan,1
achètera,1
plat,6
prêcheur,1
irez,1
poêle,1
cornu,1
blessa,1
bannit,1
chèvres,1
béliers,1
changèrent,1
apercevant,1
craignit,2
inquisiteur,1
interpréter,1
soutînt,2
grillon,2
pars,1
courtes,1
autruche,1
craindrais,1
cruche,1
craintif,2
licornes,1
protester,1
iront,2
coupée,3
croqueur,1
preneur,1
attrapé,3
échappé,2
franc,1
habile,4
tenaient,2
faisons,5
poids,1
inutile,3
balayant,1
sentiers,1
fangeux,1
résoudra,1
tournez,1
huée,1
écourté,1
prétendre,1
continuée,1
servantes,3
chambrières,1
filaient,1
filandières,1
brouiller,1
distribuer,1
téthys,1
crins,1
tourets,1
entraient,1
fuseaux,2
tirés,2
deçà,2
relâche,2
char,8
remontait,1
affublait,1
jupon,1
crasseux,1
détestable,1
allumait,1
lampe,1
entrouvrait,1
étendait,1
contentes,1
mourras,2
grippée,1
meurtre,1
amenda,1
marché,6
couché,3
craignant,2
lutin,2
enfonce,1
charybde,1
scylla,1
satyre,4
écuelle,1
housse,1
morfondu,1
convie,1
attendu,3
semondre,1
réchauffe,3
délicat,2
étonne,2
refroidit,1
toit,4
tièdes,1
zéphyrs,2
rajeunie,1
rigueurs,1
croc,1
hoc,1
ruser,1
rusons,1
comptés,1
écolier,1
vertus,3
simples,3
prés,1
dom,3
coursier,1
celer,1
gratis,1
guérirait,1
prairie,1
lié,2
médecine,1
chevaline,1
apostume,1
docteur,1
susceptible,1
chirurgie,1
happer,1
doutait,1
lâche,4
ruade,1
marmelade,1
mandibules,1
herboriste,1
fus,1
boucher,1
travaillez,1
fonds,1
prochaine,2
héritage,3
remuez,1
creusez,1
fouillez,1
bêchez,1
repasse,1
retournent,1
rapporta,1
montagne,5
accouche,2
jetait,1
clameur,2
haute,4
accourant,1
accoucherait,1
paris,3
accoucha,1
menteur,2
chanterai,1
titans,1
promettre,1
classes,1
écoliers,1
couchette,1
matelas,1
brasses,1
heureusement,1
passa,4
éveilla,1
imprudence,3
provient,2
caprice,2
écots,1
prise,2
garant,1
aventures,1
étourdi,1
mesures,1
accusant,1
bref,6
médecin,2
visitait,1
confrère,1
dernier,7
espérait,2
quoique,4
gisant,2
aïeux,2
différents,1
triomphaient,1
prévu,3
avarice,2
témoigner,2
pondait,1
tua,1
ouvrit,2
rapportaient,1
ôté,1
chiches,1
riches,1
reliques,2
imagina,1
adorait,1
carrait,1
recevant,1
encens,3
cantiques,1
folle,2
salue,1
vigne,2
faveur,4
climats,2
veneurs,2
rappellent,1
broute,2
bienfaitrice,1
ingratitude,3
mérité,1
profitez,1
ingrats,2
meute,2
arrivés,3
profanent,1
conservés,1
serpent,8
horloger,2
acier,2
ronger,1
emporter,3
romprais,1
mordre,1
tourmentez,1
vainement,2
impriment,1
outrages,1
ouvrages,2
airain,1
diamant,2
perdrix,5
moquer,2
assurer,1
concitoyens,1
tranquille,2
excepter,1
brifaut,1
trahit,1
sortant,2
échauffé,1
philosophé,1
pousse,1
rustaut,1
menti,1
reparti,1
raille,1
vantais,1
sauront,1
garantir,2
extrémité,1
compté,2
cruelles,3
hibou,7
huant,1
querelles,1
cessèrent,1
embrassèrent,1
goberaient,1
prou,1
conserve,1
considérez,1
catégorie,1
rencontrez,1
peignez,1
toucherai,1
mignons,1
reconnaîtrez,1
parque,2
coins,1
roche,1
masure,1
lequel,1
rechignés,1
mégère,2
croquons,1
suppliés,1
brigand,1
accuse,2
loi,5
fis,1
entreprise,1
envoya,2
prévôts,2
avertir,6
apprêter,1
ménager,3
secrètes,1
pratiques,1
renvoyez,1
lourds,1
terreurs,1
paniques,1
employer,1
effraiera,1
servant,2
prudent,3
pressés,1
fourreur,1
vendirent,1
tueraient,1
garantirait,1
froids,1
cuisants,1
dindenaut,1
prisait,1
offrant,1
conviennent,1
trot,1
frappés,3
résoudre,2
grimpe,2
marbre,2
ouï,2
acharne,1
privé,1
supercherie,1
flaire,1
passages,2
cadavre,1
ôtons,1
forêt,2
merveille,2
approchait,1
serre,2
vêtu,4
trembler,2
étonnaient,2
chassât,1
france,4
cavalier,4
quarts,1
sixième,1
pâtre,5
semblent,1
précepte,1
instruire,1
conter,6
égayant,1
fameux,4
fui,1
succinct,1
aucuns,4
blâmé,1
exprimé,1
grec,6
renchérit,1
élégance,1
laconique,1
renferme,1
experts,2
chasseur,7
suivi,2
projet,1
événement,3
cousant,1
raconte,2
mécompte,1
tend,1
soupçonnant,1
prenne,2
offrande,1
tapit,1
parte,2
promets,2
écarte,3
passons,1
imitateur,1
soupçonnait,1
erre,1
agile,3
esquiver,2
épreuve,3
doigt,1
borée,3
voyageur,3
muni,1
automne,1
précaution,4
iris,1
sortent,1
manteau,4
latins,1
nommaient,1
doublé,1
accidents,2
souffler,1
bouton,1
ébattement,1
gageons,2
dégarni,1
commencez,1
obscurcir,1
souffleur,1
ballon,1
vacarme,1
démon,2
siffle,2
périr,1
bateau,1
engouffrer,1
préserva,1
tourmentait,1
collet,1
plis,2
gageure,3
dissipe,1
récrée,1
pénètre,1
balandras,1
sue,1
dépouiller,1
douceur,1
violence,1
métayer,2
annonce,1
présentèrent,1
offres,1
écoutèrent,1
alléguait,1
frayant,1
rude,2
marchandaient,1
disposer,1
donnât,1
sec,3
mouillé,1
bâillé,1
contrat,1
tranche,2
vente,1
proches,1
sentaient,1
américains,1
vinée,1
receveur,1
partagé,1
ajuste,1
température,1
fructifie,1
recourt,1
confesse,1
concluons,1
cochet,3
souriceau,3
dépourvu,1
franchi,1
bornent,1
trottais,1
carrière,5
arrêté,3
bénin,1
turbulent,1
inquiétude,2
perçante,1
volée,1
panache,1
étalée,1
tableau,1
amérique,1
fracas,3
fuite,3
maudissant,1
velouté,1
marqueté,1
humble,2
contenance,1
modeste,2
regard,1
luisant,1
sympathisant,1
éclat,1
doucet,1
minois,1
parenté,1
malin,1
porté,4
éloigné,1
fonde,1
vivras,1
contrée,2
assemblèrent,1
étui,1
couronne,1
tirée,1
chartre,1
convenait,1
menue,2
cornue,1
tiare,1
essayant,1
grimaceries,1
singeries,1
cerceau,1
élu,1
regretta,1
sentiment,2
sache,2
bâille,2
finance,4
trompé,1
assistance,2
prétendrais,1
gouverner,1
conduire,1
démis,1
convient,2
diadème,1
vantant,2
généalogie,1
noblesse,1
jument,1
contait,1
dût,1
abaisser,2
fleurissant,1
vautrant,1
grattant,1
frottant,1
gambadant,1
chantant,2
broutant,1
entrefaite,1
fuyons,1
paillard,1
bât,1
sois,2
sauvez,1
français,2
cristal,1
mirant,1
louait,1
proportion,1
taillis,1
parlant,1
limier,1
dommageable,1
arrêtant,1
dépendent,1
dédit,1
présents,1
méprisons,1
estime,2
tortue,6
témoignage,1
atteindrez,1
purger,2
grains,1
ellébore,1
parie,1
enjeux,1
convint,1
éloigne,1
renvoie,3
calendes,1
arpenter,1
landes,1
brouter,1
sénateur,1
évertue,1
lenteur,1
amuse,2
touchait,1
partit,2
élans,1
portiez,1
lever,2
coqs,4
matineux,1
herbes,1
touché,2
corroyeur,1
pesanteur,1
peaux,1
choqué,1
impertinente,1
attrapais,1
aubaine,1
obtint,1
changement,2
charbonnier,1
monarques,2
pourraient,3
contente,1
fatiguons,2
placets,1
requête,2
romprons,1
tyran,2
liesse,1
noyait,1
sots,4
allégresse,1
hyménée,2
ouït,1
citoyennes,1
étangs,1
douzaine,1
mettra,1
détruite,2
réduite,1
styx,5
raisonnaient,1
charitable,3
promenant,1
transi,1
gelé,1
perclus,1
immobile,2
loyer,1
foyer,2
engourdi,1
repli,1
sauveur,1
ingrat,1
serpents,1
tronçon,1
sautillant,1
réunir,1
parvenir,1
meure,2
vassaux,2
envoyât,1
promesse,1
députés,3
écrite,1
passeport,2
exécute,1
députe,1
gardant,1
empreints,1
exception,1
regardent,3
dispense,2
injustices,1
excuse,2
épargne,3
miroir,2
prenait,4
brillant,1
attire,1
planant,1
évité,1
fatale,2
ongle,2
maline,1
plumer,1
occupé,1
enveloppé,1
accompagnait,1
courtois,1
succombe,1
pria,1
autrement,1
mourrait,1
incivile,1
refusa,1
pétarade,1
voiture,2
représentée,1
noyer,1
regagna,1
chartier,3
embourbé,3
phaéton,1
basse,1
bretagne,1
quimper,1
corentin,1
enrage,1
préserve,1
déteste,1
jure,3
pestant,1
invoque,1
célèbres,2
achoppement,1
retient,2
ôte,1
roue,1
mortier,1
boue,1
essieu,1
enduit,1
pic,1
caillou,1
ornière,1
fouet,1
souhait,2
loué,1
aidera,1
charlatan,1
manqué,1
professeurs,1
fertile,1
affronte,1
achéron,2
affiche,1
cicéron,1
vantait,1
éloquence,2
rendrait,1
disert,1
badaud,1
renforcé,1
rendrai,1
soutane,1
manda,3
rhéteur,1
roussin,2
arcadie,2
orateur,4
bancs,1
consentait,1
guindé,1
hart,1
étranglé,2
rhétorique,1
courtisans,4
potence,1
prestance,1
souvînt,1
pathétique,1
formulaire,1
servît,1
cicérons,1
vulgairement,1
larrons,1
mourrons,1
compter,3
buvants,1
mangeants,1
discorde,3
brouillé,1
préférer,1
opposés,1
civilisés,1
mariant,1
prêtre,2
notaire,1
demandait,1
diligente,1
prévenait,1
éteindre,1
commença,2
fixe,2
perdait,2
affecté,1
couvent,1
auberge,1
assignée,1
soupirs,3
console,1
tristesse,1
ramène,1
plaisirs,4
différence,1
croirait,1
abandonne,2
entretien,1
inconsolable,1
partait,1
criait,2
envoler,2
torrent,5
couler,1
consoler,1
noyiez,1
vivants,1
songez,1
transports,2
souffrez,3
cloître,1
digérer,2
emploie,1
linge,1
coiffure,1
parure,1
atours,1
colombier,1
ris,3
jouvence,1
épilogue,1
bornons,1
épuiser,1
fleur,2
reprenne,1
projets,2
retournons,1
psyché,1
damon,1
exhortez,1
félicités,1
consens,2
veine,1
échauffera,1
septième,1
montespan,1
immortels,1
présent,2
ériger,1
divinité,2
proprement,3
charme,2
attentive,1
captive,1
attachant,1
mènent,1
daignez,1
favorisez,1
respectant,1
laissera,1
franchir,1
voudra,1
attendent,1
écrits,1
connaissiez,2
traces,1
étendre,1
réserver,1
serve,1
rempart,1
protégez,1
espérer,1
auspices,1
jugés,1
dignes,1
procure,1
croirai,1
temple,3
temples,2
malades,3
peste,2
inventa,1
crimes,1
enrichir,1
mouraient,1
soutien,1
mourante,1
excitait,1
épiaient,1
innocente,2
tourterelles,1
permis,1
péchés,2
infortune,1
coupable,2
sacrifie,1
obtiendra,1
guérison,1
apprend,3
dévouements,1
flattons,1
indulgence,2
conscience,1
satisfaisant,1
appétits,2
gloutons,2
dévoré,1
arrivé,3
dévouerai,1
souhaiter,2
périsse,1
scrupules,1
délicatesse,2
péché,1
fîtes,1
digne,3
chimérique,1
flatteurs,1
applaudir,1
tigre,1
puissances,2
pardonnables,1
offenses,1
querelleurs,1
mâtins,3
saints,2
souvenance,1
tendre,2
tondis,1
largeur,1
haro,1
clerc,1
prouva,1
dévouer,1
galeux,1
venait,3
peccadille,1
jugée,1
pendable,1
abominable,1
expier,1
forfait,1
jugements,1
rendront,2
marié,1
chercherai,1
divorce,1
assemblent,1
trouvez,1
hymens,1
tentent,1
exposent,1
hasards,2
repentent,1
alléguer,2
repenti,1
querelleuse,1
levait,1
couchait,1
enrageaient,1
dépense,1
philis,1
gardent,2
gardeurs,1
cochons,1
adoucie,1
reprend,1
passiez,1
innocence,1
savais,1
attirais,1
haine,2
soigneux,3
hargneux,1
verront,1
déchaînée,1
retournez,1
rappelle,1
puissé,1
levantins,1
légende,1
hollande,1
tracas,1
solitude,2
étendant,1
ermite,2
subsistait,1
ermitage,1
prodigue,1
vœu,4
dévot,3
aumône,1
étrangère,1
ratopolis,1
bloquée,1
contraints,1
indigent,1
république,5
attaquée,1
reclus,1
assister,1
espère,1
désigné,1
secourable,1
moine,4
dervis,1
suppose,1
héron,5
emmanché,1
côtoyait,1
transparente,1
brochet,1
profit,4
approchaient,1
régime,1
mangeait,2
heures,3
tanches,2
sortaient,1
montrait,1
dédaigneux,1
tanche,1
rebutée,1
goujon,2
ouvrirais,1
limaçon,1
difficiles,1
accommodants,1
habiles,1
hasarde,1
dédaigner,1
hérons,1
puisé,1
leçons,3
notez,1
importance,2
chétifs,1
radote,1
proposer,1
précieuses,1
dédaigneuses,1
médiocres,1
nuits,1
sentiments,2
déchoir,1
ensuite,1
choquer,1
déplaire,1
fards,1
échappât,1
ruines,2
réparer,1
préciosité,1
précieuse,1
heureuse,2
malotru,1
souhaits,6
mogol,3
follets,1
touchez,1
gâtez,1
gange,1
cultivait,1
travaillait,1
assistaient,1
follet,2
travaillant,1
comblait,1
légèreté,1
politique,1
norvège,1
indou,1
lapon,1
quelles,3
fautes,2
formez,1
accomplis,1
abondance,2
pleines,2
verse,1
coffre,1
blé,1
caves,1
vins,1
crève,1
quels,2
registres,1
complotèrent,1
empruntèrent,1
taxa,1
affluence,1
importune,3
indigents,1
pauvreté,1
richesse,2
retirez,1
fuyez,1
médiocrité,2
chanceux,1
souhaitent,1
feraient,2
largesse,1
demandèrent,1
lionne,2
nations,1
envoyant,1
circulaire,1
écriture,1
sceau,1
durant,1
plénière,1
fagotin,1
magnificence,1
étalait,1
louvre,2
charnier,1
boucha,1
narine,1
grimace,1
irrité,1
pluton,2
dégoûté,1
sévérité,1
excessif,1
ambre,1
ail,1
flatterie,1
caligula,1
proche,1
déguiser,2
excuser,2
rhume,1
odorat,1
enseignement,3
fade,2
adulateur,1
parleur,1
sincère,2
tâchez,1
vautours,3
émute,1
naître,1
dispute,1
feuillée,1
réveillée,2
vautour,3
retors,1
tranchante,1
exagère,1
détail,1
manquerais,1
expira,1
roc,1
prométhée,1
espéra,1
observer,1
valeur,2
ruses,1
surprises,1
employa,2
troupes,1
éprises,1
ardent,2
épargnaient,1
nuls,1
peupler,1
respirent,1
ombres,2
élément,1
citoyens,2
vaste,2
enclos,1
sombres,1
fidèle,4
médiation,1
accorder,2
travaillèrent,1
chamaillèrent,1
trêve,1
ensuivit,1
poursuivit,1
carnage,1
dépeupla,1
bourgades,1
divisés,1
dépend,3
semez,1
coche,4
montant,1
sablonneux,1
exposé,1
vieillards,1
attelage,1
soufflait,1
animer,1
bourdonnement,1
assied,1
timon,1
cocher,1
attribue,1
uniquement,1
empressée,1
sergent,1
avancer,3
hâter,1
bréviaire,1
agissait,2
respirons,1
payez,2
empressés,1
introduisent,1
nécessaires,2
importuns,2
chassés,1
laitière,4
perrette,2
posé,1
coussinet,1
arriver,2
encombre,1
vêtue,1
cotillon,1
troussée,1
comptait,3
employait,1
achetait,1
triple,3
diligent,1
élever,1
cochon,6
porc,3
engraisser,1
coûtera,1
raisonnable,1
revendant,1
empêchera,1
verrai,1
milieu,2
transportée,1
quittant,1
marri,1
répandue,1
battue,1
appela,1
châteaux,1
picrochole,1
pyrrhus,1
veillant,1
flatteuse,1
âmes,3
défi,1
détrôner,1
sophi,1
élit,1
diadèmes,1
pleuvant,1
curé,6
tristement,1
emparer,1
gaiement,1
enterrer,1
carrosse,1
dûment,1
empaqueté,1
dépouillent,1
récitait,1
maintes,1
dévotes,1
oraisons,1
psaumes,1
versets,1
répons,1
donnera,2
chouart,3
couvait,1
ravir,1
cire,1
coûts,1
fondait,1
achat,1
feuillette,1
environs,1
nièce,1
propette,1
chambrière,1
pâquette,1
devaient,1
cotillons,1
heurt,1
choc,1
cassée,1
paroissien,1
plomb,1
entraîne,1
pusse,1
contempler,1
foule,2
cherchent,1
fidèles,2
volage,1
inconstante,1
désirs,2
échappe,1
planteur,1
pape,1
valons,1
valez,1
papauté,1
précieux,1
cherchera,1
use,3
établi,1
quittions,1
cherchons,2
souhaite,1
destins,1
inquiète,1
reviendrez,1
lendemain,2
bizarre,1
fréquenter,1
coucher,3
meilleures,1
arrivant,2
habite,2
héberger,1
capricieuse,1
ambitieuse,1
surate,1
embarquer,1
bronze,1
armé,2
tenta,1
route,2
abîme,2
défier,1
tourna,1
essuyant,1
pirates,1
calme,1
rochers,1
ministres,1
rives,1
lointaines,1
japon,2
distribuait,1
mers,1
lasses,1
donnent,1
sauvages,1
renonce,1
courses,1
ingrates,1
pénates,2
régler,2
ouïr,2
dignités,1
promesses,1
raisonnant,1
assise,1
plongé,1
sommeil,5
survint,2
allumée,1
perdis,1
envenimée,1
xanthe,1
maintint,1
répandit,1
crête,1
spectacle,2
hélène,1
vainqueur,3
vaincu,1
disparut,1
pleura,3
rival,2
défaite,1
rallumer,1
aiguisait,1
exerçant,1
armait,1
toits,2
percher,1
orgueil,2
fatal,2
coquet,1
insolent,1
défions,1
prenons,1
injustice,2
trafiquant,1
triompha,1
gouffre,1
banc,1
rocher,2
exigea,1
péage,1
ballots,1
affranchit,1
atropos,1
neptune,1
recueillirent,1
facteurs,2
tabac,1
sucre,1
canelle,1
porcelaine,1
luxe,3
enflèrent,1
doubles,1
ducats,3
jeûne,1
somptueux,1
viendrait,1
risquer,1
placer,3
semblant,1
risqua,1
vaisseau,1
frété,1
auparavant,1
trompant,1
bâtiments,1
consolez,1
impute,1
industrie,1
échec,1
suivie,2
disons,1
injures,1
devineresses,2
naît,1
opinion,2
vogue,2
fonder,1
prologue,1
prévention,1
cabale,1
entêtement,1
pythonisse,1
chiffon,1
fâcheuse,1
devineuse,1
désirait,1
consistait,1
termes,1
hardiesse,1
concourait,1
ignorante,1
carats,1
logé,1
galetas,4
ressource,1
rang,2
achète,1
sibylle,1
femelle,1
achalandé,1
devine,1
croix,1
deviner,1
prédire,1
meuble,1
aidaient,1
sièges,1
boiteux,1
manche,1
métamorphose,1
tapissée,1
passée,2
morfondit,1
chalandise,1
traînait,1
écoutants,1
demandez,2
empara,1
rusée,1
absent,2
aisée,1
allé,1
thym,1
rosée,1
brouté,1
trotté,1
jeannot,1
souterrains,1
séjours,1
hospitaliers,1
paraître,2
chassé,1
paternel,1
pointu,1
occupant,2
octroi,1
neveu,2
guillaume,1
paul,1
coutume,2
simon,1
transmis,1
rapportons,1
raminagrobis,1
chattemite,1
fourré,1
arbitre,1
expert,1
agrée,1
fourrée,1
grippeminaud,2
sourd,4
portée,1
contestants,1
apôtre,1
jetant,1
ressemble,1
souverains,1
rapportant,1
ennemies,1
acquis,1
parques,1
veuille,2
suivante,1
traitez,1
poison,2
commander,1
précéder,1
conduirai,1
plaindra,1
bonté,1
complaisance,1
devrait,1
aveugles,1
four,1
mena,1
philosophe,2
dupés,1
trompés,1
philosophie,1
tromperont,2
jugeront,1
rectifie,1
éloignement,3
environne,1
organe,1
instrument,1
ordonna,1
dirai,2
amplement,1
aperçois,2
voyais,2
distance,1
angle,1
détermine,1
épaissis,1
rondeur,1
démens,1
illusion,1
développe,1
prompts,1
lente,1
courbe,1
redresse,1
décide,1
trompent,1
mentant,1
inégaux,1
surface,1
montueuse,1
aplanie,1
tracer,2
naguère,1
angleterre,3
lunette,2
placée,1
astre,2
présageait,1
favorise,1
connaissances,1
monstre,6
cachée,1
verres,1
françois,1
entiers,2
emplois,2
recueillir,1
amples,1
moissons,1
amante,1
louis,2
suivra,1
lauriers,1
quittés,1
goûtons,1
charles,1
signaler,1
apaiser,1
auguste,1
exploits,1
césars,3
huitième,1
surprend,1
comprenne,1
ouvrent,1
paupière,1
défendez,1
alléguez,1
jeunesse,1
ravit,1
pudeur,2
accroîtra,1
ignoré,1
préparé,1
précipitamment,1
contraignait,1
levé,2
pressante,1
impatience,1
disposât,1
bâtiment,1
parfait,1
mouvement,1
faillit,1
ouïe,1
évanouie,1
superflus,1
regrettes,1
touchent,1
camarades,1
mourants,1
avertissement,1
réplique,2
fasses,1
sortît,1
banquet,1
retarder,1
murmures,1
jeunes,2
glorieuses,1
sûres,1
indiscret,1
savetier,6
financier,4
cousu,1
sommeillait,1
éveillait,1
eussent,1
hôtel,1
grégoire,1
gagnez,2
rieur,5
entasse,1
gains,1
honnêtes,2
entremêlent,1
chômer,1
fêtes,1
prône,1
naïveté,1
trône,1
cave,1
gagna,1
soucis,1
soupçons,1
réveillait,1
reprenez,1
décrépit,1
vieillesse,1
impossible,1
abus,1
viennent,2
donneurs,1
recettes,1
visites,1
daube,1
enfumer,1
présenté,1
imputé,1
différé,1
pèlerinage,2
acquittais,1
savants,2
manquez,1
chaleur,1
écorché,1
appliquez,1
fumante,1
défaillante,1
écorche,1
démembre,1
soupa,1
enveloppa,1
détruire,1
quadruple,1
daubeurs,1
pardonne,1
barillon,1
vulgaires,1
légères,1
osent,1
traités,1
téméraires,1
démêler,1
lisez,2
empêchez,1
lassent,1
trouverait,1
adoucir,1
détourner,2
sacrifierai,1
ardents,1
dédie,1
éloges,1
avouer,1
dus,1
patrie,1
tribune,1
tyrannique,1
forcer,2
fortement,1
écoutait,1
recourut,1
figures,1
violentes,1
savent,1
exciter,1
lentes,1
tonna,1
émut,3
frivoles,3
daignait,1
regardaient,1
harangueur,1
anguille,2
nageant,1
volant,1
traversa,1
assemblée,2
anima,1
néglige,1
philippe,1
reproche,2
puce,3
mortelle,1
bagatelle,1
doive,1
intriguer,1
mordue,1
draps,1
revenue,1
perdes,1
massue,1
pèse,1
sienne,1
appellerait,1
neuve,1
serment,2
évanouit,1
indiscrète,1
feriez,1
battre,1
pondre,1
craignez,1
pondeur,1
grille,1
répandre,1
montaient,1
tempérant,1
laissons,1
tenter,1
tempérance,1
atourné,1
arrivent,1
public,1
craignent,1
manifeste,1
lopin,1
happe,1
ripaille,1
deniers,1
échevins,1
prévôt,1
nettoyer,1
monceau,1
pistoles,1
scrupuleux,1
rieurs,1
diseurs,2
introduire,1
trouvera,1
réussi,1
feint,1
réponse,2
craignait,1
indes,1
informait,1
répondaient,1
interroger,1
plaisanterie,1
noms,1
chercheurs,1
revenus,1
anciens,1
lares,2
paternels,1
javelle,1
case,1
spacieux,1
apennins,1
taupinée,1
mont,1
thétys,1
certes,1
osait,2
voyager,1
maritime,1
bûmes,1
rongeants,1
huîtres,1
closes,1
bâillant,1
réjouie,1
humait,1
respirait,1
épanouie,1
nompareil,1
victuaille,1
écaille,1
allonge,1
referme,1
contient,1
objets,1
jardins,4
montagnard,1
confiné,1
bellérophon,1
séquestrés,1
outrés,1
livrait,1
ennuyait,1
flore,1
pomone,1
discret,1
surprenant,1
rencontrent,1
dissimuler,1
complimenteur,1
vouliez,1
champêtre,1
fruits,1
accepte,1
apportait,1
émoucheur,2
écartait,1
parasite,1
ailé,1
désespoir,3
chasser,2
attraperai,1
empoigne,1
pavé,1
raideur,1
casse,2
écrasant,1
archer,3
raisonneur,1
raide,1
vaudrait,1
monomotapa,1
appartînt,1
occupait,1
mettait,1
intime,1
éveille,2
morphée,1
seuil,2
arme,1
paraissiez,1
ennuyez,1
apparu,1
accouru,1
découvrir,1
montés,1
divertissement,1
charton,2
tabarin,1
pourceau,2
bouchers,1
trousses,1
douces,1
criât,1
voyaient,1
étourdis,1
crierait,2
décharger,1
servait,1
changent,1
prévoyant,1
amarante,5
sillery,3
boccace,1
revoir,1
valable,1
divinités,1
reines,1
attache,1
refusent,1
obscurs,1
entendent,1
déchiffre,1
glose,1
amenons,1
rimerons,1
enchante,1
parût,1
communique,1
appelez,1
pourrai,1
ennuyeux,1
oublie,2
mire,1
rougir,1
désire,2
prêchez,1
clidamant,1
prétendent,1
obsèques,3
acquitter,1
compliments,1
consolation,1
affliction,1
jugez,1
abandonna,1
résonna,1
définis,1
tristes,1
prêts,2
indifférents,1
tâchent,1
caméléon,1
dirait,1
ressorts,3
vengeait,1
reine,2
soutint,1
salomon,1
accoutumé,1
gémissantes,1
appliquerons,1
sacrés,1
vengez,1
immolez,1
traître,1
augustes,1
mânes,1
superflue,1
couchée,1
apparue,1
reconnue,1
convoi,1
élysiens,1
goûté,1
conversant,1
apothéose,1
puni,1
songes,1
flattez,1
agréables,1
indignation,2
goberont,1
appât,2
particulière,1
espagnols,1
donnons,1
lent,1
parage,1
étage,1
sultane,1
renom,1
guenon,1
perroquet,1
étonnait,1
touchés,1
occuper,1
importants,1
admirez,1
prisons,1
horoscope,2
aima,1
éloignât,1
défendit,1
badiner,1
promener,1
exercice,1
dépeint,1
tempérament,1
bouillons,1
soupira,1
obstacle,1
fatales,1
défenses,1
magnificences,1
abondait,1
tableaux,1
pinceaux,1
traçaient,1
chasses,1
paysages,1
personnages,1
peint,1
fers,1
violents,1
tapisserie,1
clou,2
blesse,1
pénétra,1
esculape,1
dut,1
nuisit,1
eschyle,3
devin,1
casser,1
exemples,1
résulte,1
consulte,1
justifie,1
maintiens,1
marquer,1
conjoncture,1
conjonctions,1
planète,1
influence,1
différemment,1
pénétrer,1
percer,2
atome,1
retrouver,1
passions,1
permettent,1
veulent,2
compas,1
ambigus,1
frapper,1
entraider,1
moqua,1
accompagné,1
suivis,1
endormit,1
chardons,1
baisse,1
perdant,1
perdît,1
sourde,1
portion,1
entrefaites,1
affamée,1
mâchoire,1
ferré,1
étendras,1
étrangla,1
conclus,1
entraide,1
bassa,5
trafic,1
appuyait,1
payait,1
denrée,1
protecteur,1
support,1
engage,1
jouera,1
méchant,1
prévenant,1
chargeant,1
message,1
mahomet,1
paradis,1
préviendront,1
enverra,1
protéger,1
trafiquants,1
comporta,1
confiance,2
maintien,1
doutât,1
quittes,1
craigne,1
suites,1
donneur,1
appuyer,2
dialogue,1
mâtineaux,1
dépensant,1
veilleraient,1
gueule,1
livraient,1
défait,1
dépenser,1
sentiras,1
reviendras,1
provinces,1
différend,1
concurrent,1
honorer,1
révérer,1
dépourvus,1
considérable,1
logés,1
vêtus,1
juin,1
décembre,1
dépensent,1
épand,1
usons,1
vendeur,1
jupe,1
dédiez,1
payés,1
remplis,2
impertinence,1
lettré,1
vengea,1
satire,1
habitaient,1
décida,1
tonnerres,3
remplissons,1
cantons,1
habités,1
lasse,1
enfers,1
chérie,1
périras,1
tarda,1
modérer,1
transport,1
arbitres,1
intervalle,1
noires,1
tisiphone,1
préféra,1
impitoyable,1
déités,1
euménide,1
menaçait,1
embrasa,1
enceinte,1
inhabité,1
assembleur,1
nuages,1
former,1
vulcan,1
fourneaux,1
fourvoie,1
186,1
chapon,3
pressez,1
nivelle,1
mans,1
sommé,1
nommons,1
criaient,1
serviteur,1
grossier,1
perche,1
manceau,1
chapons,2
instinct,1
187,1
volaille,1
entendement,1
couteau,1
reviendrais,1
appeau,1
indocilité,1
broche,1
faucons,1
ferais,1
188,1
grippe,1
corsage,1
scélérat,1
hantaient,2
tronc,1
pourri,1
pin,2
tendit,1
empêchent,1
filet,1
mortel,2
bienveillance,1
communes,1
singulière,1
189,1
choyé,1
aimant,1
matins,1
réseau,1
dissoudre,1
nœuds,1
éternelle,1
dispose,1
protégerai,1
mangerai,1
chouette,1
idiot,1
libérateur,1
détache,1
chaînon,1
190,1
dégage,1
alliés,1
alerte,1
gardes,1
embrasser,1
injure,1
regardes,1
allié,1
aie,1
oublié,1
191,1
tombait,1
montagnes,1
fuyait,1
suivait,1
barrière,1
puissante,1
presser,1
menaçante,1
profondeur,1
poursuivant,1
paisible,1
trajet,2
escarpés,1
sable,1
192,1
traverser,1
ténébreux,1
fleuves,1
193,1
éducation,1
laridon,3
césar,2
origine,1
hardis,1
échus,1
diverse,1
nourriture,1
fortifiant,1
altérant,1
marmiton,1
nomma,1
abois,1
sanglier,3
chienne,1
indigne,1
dégénérer,1
négligé,1
peupla,1
tournebroches,1
rendus,1
communs,1
fuyants,1
194,1
antipode,1
dégénère,1
cultiver,1
deviendront,1
laridons,1
195,1
vices,1
empare,1
file,1
contraires,1
égard,1
éminemment,1
placées,1
dispersées,1
gourmand,1
flottait,1
éloignait,1
plaines,1
196,1
buvons,1
altérée,1
demeurera,1
provision,1
crever,1
bâti,1
enflamme,1
impossibilité,1
disparaît,1
outrant,1
arrondissais,1
coffres,1
apprenais,1
hébreu,1
sciences,1
197,1
demeureraient,1
mathusalems,1
198,1
démocrite,4
abdéritains,1
haï,1
profane,1
téméraire,1
mettant,1
milieux,1
mesurant,2
épicure,1
apprentissage,1
abdère,1
députa,1
lettres,1
rétablir,1
concitoyen,1
lecture,1
gâté,1
estimerions,1
limite,1
démocrites,1
infinis,1
joint,1
atomes,1
199,1
invisibles,1
fantômes,1
divin,1
rencontres,2
siège,1
ombrage,1
épais,1
labyrinthes,1
occupaient,1
entretiens,1
200,1
raisonné,1
étale,1
précédent,1
récusable,1
201,1
accumuler,1
bienfaits,1
combattrai,1
demandes,1
jouissons,1
rebats,1
jouis,2
redoute,1
daim,2
faon,2
biche,1
gisent,1
énorme,1
202,2
friand,1
ciseaux,1
mordaient,1
infernale,1
abattit,1
vastes,1
faiseur,1
conquêtes,1
sillon,1
rappelant,1
restes,1
découd,1
vengé,1
convoiteux,1
étendus,1
rares,1
excusent,1
avares,1
203,1
commençons,1
mangeons,1
corde,1
boyau,1
témoigne,1
détend,1
sagette,1
boyaux,1
percés,1
jouisse,1
punis,1
convoitise,1
204,1
205,1
cinquième4,1
mercure5,1
pêcheur11,1
servantes16,1
passant18,1
loup20,1
enfants22,1
accouche23,1
enfant24,1
médecins26,1
or27,1
reliques28,1
vigne29,1
lime30,1
perdrix31,1
hibou33,1
guerre35,1
206,1
compagnons37,1
sixième40,1
lion41,1
chasseur44,1
souriceau49,1
animaux51,1
généalogie53,1
âne54,1
eau55,1
maîtres59,1
grenouilles61,1
serpent62,1
renard64,1
alouette66,1
âne67,1
ombre68,1
embourbé69,1
charlatan71,1
207,1
discorde73,1
veuve75,1
épilogue78,1
septième79,1
montespan80,1
peste82,1
marié86,1
monde89,1
héron91,1
fille93,1
souhaits96,1
pigeons101,1
mouche104,1
lait106,1
mort109,1
lit111,1
coqs116,1
fortune118,1
208,1
serpent127,1
lune129,1
huitième133,1
mourant134,1
financier137,1
renard140,1
fables142,1
puce146,1
maître149,1
poissons152,1
huître154,1
amis159,1
mouton161,1
lionne167,1
éléphant170,1
horoscope172,1
chien177,1
marchand179,1
science182,1
209,1
chapon187,1
rat189,1
rivière192,1
éducation194,1
mort196,1
abdéritains199,1
210,1
211,1
e,1
212,1
